:020000040800F2
:10000000000400201D8100081F8100081F810008D6
:100010001F8100081F8100081F8100081F81000840
:100020001F8100081F8100081F8100086552010818
:100030001F8100081F8100081F8100081F81000820
:100040001F8100081F810008157601087D760108D0
:100050001F8100081F810008655F01088D5F01088E
:10006000B55F0108DD5F01080560010861650108F1
:1000700089650108B5650108E16501080D6601089B
:1000800035660108616601081F8100081F810008AC
:100090001F8100081F8100081F8100082D600108D2
:1000A0001F8100081F8100081F8100081F810008B0
:1000B000016101081F8100081F8100081F810008DD
:1000C0001F8100081F8100081F8100081F81000890
:1000D0001F8100081F8100081F8100081F81000880
:1000E00091600108B57601081F8100081F81000892
:1000F0001F8100081F8100081F8100088D6601080C
:100100001F8100081F8100081F8100081F8100084F
:100110001F8100081F8100081F8100081F8100083F
:10012000B9660108E16601080D6701083967010831
:10013000656701081F8100081F8100081F810008F2
:100140001F8100081F8100081F8100083972010803
:100150008D670108B9670108E56701081F8100087C
:100160001F8100081F8100081F8100081F810008EF
:100170001F8100081F8100081F8100081F810008DF
:100180001F8100081F8100081F8100081F810008CF
:100190001F8100081F8100081F8100081F810008BF
:1001A0001F8100081F8100081F8100081F810008AF
:1001B0001F8100081F8100081F8100081F8100089F
:1001C0001F8100081F8100081F8100081F8100088F
:1001D0001F8100081F8100081F8100081F8100087F
:1080000072B6374880F30888364880F309883648C6
:108010003649086040F20000CCF200004EF63471A0
:10802000CEF200010860BFF34F8FBFF36F8F40F2B5
:108030000000C0F2F0004EF68851CEF20001086058
:10804000BFF34F8FBFF36F8F4FF00000E1EE100AC8
:108050004EF63C71CEF200010860062080F31488D1
:10806000BFF36F8F0CF07CFD0CF0E6F84FF055304D
:108070001F491B4A91423CBF41F8040BFAE71D49D6
:10808000184A91423CBF41F8040BFAE71A491B4ACF
:108090001B4B9A423EBF51F8040B42F8040BF8E721
:1080A00000201849184A91423CBF41F8040BFAE7F6
:1080B0000CF05AFD0CF055FD144C154DAC4203DA92
:1080C00054F8041B8847F9E707F0A0FA114C124D49
:1080D000AC4203DA54F8041B8847F9E70CF042BDC0
:1080E00000040020000C00200000000808ED00E063
:1080F00000000020000400208CA10108000C0020DA
:108100004816002048160020505700200080000824
:1081100000800008008000080080000870E700F080
:1081200000F8FEE72DE9F04F2DED108AC1F80CD0D4
:10813000C3689D46BDEC108ABDE8F08F002383F331
:1081400011882846A04700200CF0BAFFFEE70CF08B
:1081500013FF00DFFEE7000053B94AB9002908BF4A
:1081600000281CBF4FF0FF314FF0FF3000F00CB87B
:10817000ADF1080C6DE904CE0FF056FEDDF804E019
:10818000DDE9022304B07047704700BF034613F8CF
:10819000012B002AFBD1181A01387047000000009B
:1081A00001F0FF01102A2BDB10F0070F08D010F8A8
:1081B000013B013A8B422DD010F0070F42B3F6D1AC
:1081C000F0B441EA012141EA014122F007047FF0C5
:1081D00000070023F0E80256083C85EA010586EA1C
:1081E000010685FA47F5A3FA87F586FA47F6A5FA58
:1081F00087F68EB9EED1F0BC01F0FF0102F0070264
:1082000032B110F8013B013A83EA010313B1F8D10E
:108210000020704701387047002D06BF35460338EF
:10822000073815F0010F07D1013015F4807F02BF28
:10823000013015F4C03F0130F0BC0138704700BF79
:10824000034B1B78032B06BF024B187800207047A6
:10825000491600204A16002008B5C0220448002113
:1082600010F0F8F8034A00231370034A137008BD96
:1082700004310020C4310020C531002030B50F4D3D
:1082800085B001AB83E8070029780D484B1C0478C2
:1082900003F00F029442134604BF013202F00F02B2
:1082A000084C08BF02700C2202FB014401AA07CA55
:1082B00084E8070001202B7005B030BDC4310020D8
:1082C000C53100200431002010B5104C022240F2CC
:1082D0006A21204607F042FA0D4802224FF41B7132
:1082E00007F03CFA23884BB94FF416732380084BF0
:1082F0001A883AB94FF4E1521A8010BD042BF6D80F
:108300000523F3E71D2AF8D81E22F5E71A0C0020F2
:10831000180C002008B50748022240F26A2107F035
:10832000D5F9BDE80840044802224FF41B7107F05C
:10833000CDB900BF1A0C0020180C002008B5094B5D
:1083400001221A70FFF788FF00F086FB01F0FEF9AA
:1083500002F0AAF801F000FF02F0A6FABDE808401A
:10836000FFF7B2BF4916002038B504460D4602F0AB
:1083700003F950B9054B9B6813B12946204698472D
:10838000034B04221A70034B1C7038BD200C0020D4
:10839000491600204B16002010B502F0EDF8A8B9E0
:1083A0000BF0A4FB90B10A4C2378052B07D101F008
:1083B00013FA20B9074B2078197801F001FC064B1D
:1083C00000215B68084698470523237010BD00BF55
:1083D000491600204B160020200C002030B58BB031
:1083E000054602F0C9F830B9144B1B78042B04D1B0
:1083F000134B1B781BB90BB030BD032B17D1114B9E
:108400001B69002BF7D000F073FB01230446082200
:1084100029460DF106008DF8043010F06AF801A825
:1084200000F030FB002CE6D000F092FBE3E7002BDD
:10843000E1D00BB0BDE83040FFF7AEBF49160020D9
:1084400048160020200C002030B58BB0054602F005
:1084500093F830B9144B1B78042B04D1134B1B78C1
:108460001BB90BB030BD032B17D1114B5B69002B2F
:10847000F7D000F03DFB02230446202229460DF1EF
:1084800006008DF8043010F034F801A800F0FAFA74
:10849000002CE6D000F05CFBE3E7002BE1D00BB052
:1084A000BDE83040FFF778BF49160020481600208D
:1084B000200C002010B5044602F05EF878B9084B95
:1084C0001B78032B06D1074B1B6A43B12046BDE83E
:1084D000104018471BB1BDE81040FFF75DBF10BD4D
:1084E00049160020200C002070B504460E4602F00C
:1084F00043F898B90A4D54B10A4B1A78A24202D1F6
:108500002A78032A0AD01C70074B00221A70074BE6
:1085100031465B682046984705232B7070BD00BF2D
:10852000491600204B1600204A160020200C00207F
:10853000024BDB6803B11847704700BF200C0020D6
:10854000014B1878704700BF4816002070477047ED
:108550007047704770477047054B1B78032B03D15A
:10856000044BDB691BB118470BB1FFF715BF704710
:1085700049160020200C002010B5134B1B78032B4C
:108580008AB0044619D100F0B3FA60B100F0C4FA21
:1085900048B10E4B9B690BB1204698470AB0BDE825
:1085A000104000F0B1BA032301A88DF80430ADF8F3
:1085B000064000F067FA0AB010BD002BFBD00AB0ED
:1085C000BDE81040FFF7E8BE49160020200C00204F
:1085D00010B5044601F0D0FFA0B92378032B07D1D2
:1085E0006378A078BDE8104043EA0020FFF7B4BFED
:1085F000042B07D16378A078BDE8104043EA00203F
:10860000FFF7BABF10BD000010B5002088B001F020
:1086100005F900F021FA05F092FD41F288300CF0E6
:1086200054FD174B174C93F90030002B22DA20220F
:10863000002168460FF00EFF63690DF101009847B5
:108640004FF47A700CF041FDA369002098474FF475
:108650007A700CF03AFD00230093ADF804306846C0
:10866000236A984747F230500CF02FFDFFF760FF68
:1086700008B010BD0023CDE9003368462369DEE76A
:10868000A8540020200C00202DE9F0477E4E7F4D9D
:1086900037782B7800209F4240F0C88000B12F70BF
:1086A000BDE8F0872B707A4B002220461A7002F04A
:1086B000ADF9EDE72B70764B03202146187001F0E1
:1086C0007FFA744B1C7005F03AFD2046FFF740FF1F
:1086D00001F048FF10B1012001F0A0F86E4B9C6A38
:1086E00014B101F017FFA04701F022FDD0E72B7075
:1086F000684B1C70664B04202146187001F060FA2C
:108700002046FFF723FFC3E72B70624B1C70604BC2
:1087100005202146187001F053FA2046FFF717FF95
:10872000B6E70EFB02C25A4FDFF87C912B70002394
:1087300092F8088097F800A089F8003001F08CFCCE
:1087400010F0060F03D099F8000002F041FB022060
:10875000BAF1030F387020D101F0EAFC214606205F
:1087600001F02EFAB8F1000F08D001F075FC10F0FE
:10877000060F03D049F6404001F026F800F06CF9EE
:10878000464B0027414620461F7002F041F938460B
:1087900001F044F801F032FF7AE72146E0E7404A71
:1087A0002B70137823F0800313703E4B01221A7054
:1087B000FFF7CFFE6CE73A482B7006F01FFA394BF3
:1087C00000221A70FFF7C6FE62E7314CDFF8D8804E
:1087D0002B700023277888F8003001F03DFC10F062
:1087E000060F03D098F8000002F0F2FA033F0623C8
:1087F000012F23703FF64CAF01F09AFCFFF7ABFE60
:108800002078002101F0DCF9002001F007F83FE7B3
:108810002B70254B1C703BE72B70244B00221A70E9
:1088200036E720462B7000F087F931E74FF00C0E49
:10883000DFF87CC01A460EFB03F303EB0C001CF8B8
:1088400003100479531C013903F00F0301200A2996
:108850003FF621AF0FF2040858F821F0A586000872
:10886000EF86000809870008B586000823870008FE
:108870009F870008B7870008CB8700081988000881
:108880001188000823880008C4310020C531002069
:10889000491600204B160020200C00204C1600200A
:1088A000A8540020481600204A1600201C0C002066
:1088B0000431002008B5084BDB6A9847FFF7E4FE57
:1088C00000F046F901F0B2FA02F0B8F801F09EFEAD
:1088D000BDE8084001F082BD200C002008B501F081
:1088E000BBFB10F0060F0AD0054B1B78032B06D1FB
:1088F000044BDB6A9847BDE8084000F029B908BD81
:1089000049160020200C0020014B1878704700BF4A
:1089100049160020014B1878704700BF4B16002005
:1089200038B505460C4601F097FB10F0060F0DD048
:1089300001F0FEFB01F016FE40B1074B1B78032B44
:1089400004D1637913B1012000F068FF2146284665
:10895000BDE8384001F0D8BF4916002010B50649DF
:108960000446022201300FF0C4FD04490222E01C3B
:108970000FF0BFFD012010BD1A0C0020180C0020C4
:1089800038B5224C01460546022220460FF0B1FDC3
:108990000222A9181E480FF0ACFD2288042A02D931
:1089A00003883B2B03D8FFF78FFC002038BDFFF76F
:1089B000B1FC01F051FB10F0060F23D0154B1B78D2
:1089C000032B1FD120884FF47A74604300F0FCFE23
:1089D00000F0F8FECF2009F045FF0AF021F820460C
:1089E0000CF073FBD02009F03DFF0AF019F8204687
:1089F0000CF06BFBD02009F087FF0AF011F820463D
:108A00000CF063FB01F0CCFF0120CFE71A0C002033
:108A1000180C00204916002007B5034B019301A84C
:108A2000FFF7AEFF03B000BD5802201C10B543781D
:108A30000B2B044604D00C2B07D0FF23037002E05D
:108A40000230FFF78BFF012002E00230FFF798FFB2
:108A500080F00100A07010BD064A08B50023138005
:108A6000054A1380054A13700BF040F8044B186058
:108A700008BD00BFEA310020C63100204C1600209E
:108A80005416002038B50A4D0A4A2B8812885C1CFF
:108A9000E4B2A242014608D00748222202FB0300AA
:108AA0000FF027FD2C80012038BD0020FCE700BF1F
:108AB000EA310020C6310020EC31002038B5094DE4
:108AC000094B2C881B88A3420AD00849222202FBAA
:108AD00004110134E4B20FF00CFD2C80012038BDEC
:108AE0000020FCE7C6310020EA310020EC310020F4
:108AF000034B1888034B1B88C31A584258417047D0
:108B0000EA310020C631002008B50AF0EFFF014B22
:108B1000186008BD5416002008B5054B18680AF007
:108B200092FF044B1B78984294BF0020012008BD9F
:108B3000541600201D0C0020014B1870704700BF18
:108B40001D0C0020014B1870704700BF4C16002010
:108B500038B5FFF7D9FE032835D1FFF7C9FF002844
:108B60003AD1FFF7D9FF002835D0264C2378002BC7
:108B700037D1254D2846FFF7A1FF60B32B7853B3BB
:108B80000AF0B4FF022826D91E2323700AF0AEFF94
:108B90001D4C1E4B18602378022B2BD11C4B5B699C
:108BA0004BB1E01C98472378032B04D1184B9B69E9
:108BB0000BB1608898470AF099FF164B1860BDE822
:108BC000384001F0B5BAFFF79FFE042803D1FFF744
:108BD000B7FC0028C1D138BD0A4B1B78002BFAD056
:108BE000BFE70A4B18680AF02EFF0228F3D9237852
:108BF000013BCAE7012BD6D1054B1B69002BDAD00C
:108C0000A01CCFE74C160020C831002050160020D1
:108C1000200C00205416002070B5044660B91C4892
:108C2000012210210DF0E4FE194B10251E465D8334
:108C300064200CF04AFA3583164840F28222202143
:108C40000DF0D6FE134840F2822240210DF0D0FEF6
:108C5000104840F2822280210DF0CAFE0E4B1B7894
:108C600033B91CB1BDE870400CF09ABD0CF098FD12
:108C70000848012210210DF0BBFE064A07481023C8
:108C80001383BDE87040202202210DF0B1BE00BF69
:108C90000008024000000240185700200004024073
:108CA00010B50E4C20680AF0CEFE40F6B83398425C
:108CB00012D90AF01BFF2060094C4FF48013A36106
:108CC0004FF47A700CF001FA1023A36147F2305090
:108CD000BDE810400CF0F9B910BD00BFC41600206B
:108CE0000000024008B50AF001FF014B186008BD02
:108CF000BC160020F0B591B006460C461746002180
:108D00001D46402268460FF0A5FB2B4915B90B788C
:108D100001330B700B780BB901230B7032463119FC
:108D20000025914244D147F68462ADF80020AA2282
:108D30008DF80420A21C8DF806206FF00202121B91
:108D40008DF807203146224655370DF109008DF880
:108D500008308DF805700FF0CCFB10AA04F1090360
:108D600052FA83F3154903F8405C04F10A0352FAFE
:108D700083F32D0A03F8405C114D124B4022284624
:108D80001A700CF017FD28460CF033FD04F10B01AE
:108D90006A46C9B228460CF069FD6B681969DA6841
:108DA00001238B40138328460CF015FD11B0F0BD54
:108DB00012F8010B0544B4E7BA1600201891010817
:108DC00018570020520C002038B53F2204460021DD
:108DD0000D480FF03FFB0C4A1123154602F8013CE9
:108DE0002146082228460FF084FB00230122092196
:108DF000681EFFF77FFF054B1B681BB9BDE83840B5
:108E0000FFF770BF38BD00BFC9160020BC16002098
:108E100038B53F22044600210D480FF01BFB0C4AD9
:108E20001223154602F8013C2146142228460FF071
:108E300060FB002301221521681EFFF75BFF054B35
:108E40001B681BB9BDE83840FFF74CBF38BD00BFF9
:108E5000C9160020BC16002010B53D220446002192
:108E60000B480FF0F7FA0A4A1323D01E02F8033C0E
:108E700044700023240A012207218470FFF73AFF7F
:108E8000044B1B681BB9BDE81040FFF72BBF10BD9A
:108E9000CB160020BC16002000F17F03DBB2022BB2
:108EA00010B51AD83E220021C4B20C480FF0D2FAF5
:108EB0000A4A1423901E02F8023C813C012202FA65
:108EC00004F4002302214470FFF714FF044B1B68D5
:108ED0001BB9BDE81040FFF705BF10BDCA16002042
:108EE000BC16002010B53F22044600210F480FF0A9
:108EF000B1FA0E48162300F8013C637800F80139F6
:108F0000A378837043F3C013C370E378037143F312
:108F1000C0134371237983716379C3710023BDE862
:108F200010401A460821FFF7E5BE00BFC916002011
:108F300070B53F220C46054600210A480FF08AFA18
:108F4000084A0848932302F8013C294622460FF0BC
:108F5000D0FA611C0023BDE8704003481A46C9B22C
:108F6000FFF7C8BEC9160020C81600207FB5064608
:108F70000D463E2200211B480FF06CFA1A4B93E875
:108F8000070001AC84E80700002D18BF2C46174DE0
:108F900021232B706388AB7063886E701B0AEB70A3
:108FA00023792B71A66863796B71A379AB71BEB11C
:108FB0003046FFF7EBF831460246E81D0FF099FA0C
:108FC000A068FFF7E3F8C41DE4B2FFF769FE0748A5
:108FD00000230122214604B0BDE87040FFF78ABE9D
:108FE0000724F2E7CA160020FC900108C8160020EA
:108FF00070B53C220D46064600210F480FF02AFAB4
:109000000D4A2223141F02F8025C2D0A02F8043CC8
:1090100002F8036C02F8015CFFF742FE0023012214
:1090200004212046FFF766FE044B1B681BB9BDE810
:109030007040FFF757BE70BDCC160020BC16002054
:109040003F2210B5104800210FF004FA0E4A0F48D5
:10905000232302F8013C0378022B02D00C490CF0C8
:10906000A9FB0A480CF0C5FB40F6B8300CF02DF80F
:1090700041F658300CF029F8BDE8104005480023AF
:1090800001220221FFF736BEC91600201857002022
:1090900018910108C816002010B53E220446002190
:1090A00008480FF0D7F9074A322302F8023C02F8C9
:1090B000014C0023901EBDE810401A460221FFF724
:1090C00019BE00BFCA16002030B591B04022054637
:1090D0000C46684600210FF0BDF947F684730D4930
:1090E000ADF800300C4880238DF803300CF062FBA3
:1090F00009480CF07EFB211D2B466A46C9B2064882
:109100000CF0A3FB04480CF081FB03480CF063FB5C
:1091100011B030BD189101081857002010B53F223A
:10912000002107480FF096F9054AA42302F8013CF4
:109130000023501EBDE810401A460121FFF7DABD9A
:10914000C916002070B53D2205460C46094800218D
:109150000FF080F9074A252302F8033C02F8025C6D
:10916000002302F8014CD01EBDE870401A460321CE
:10917000FFF7C0BDCB16002010B53E2204460021EB
:1091800008480FF067F9074A332302F8023C02F857
:10919000014C0023901EBDE810401A460221FFF743
:1091A000A9BD00BFCA16002010B53F220446002109
:1091B00009480FF04FF9084A0748412302F8013CDB
:1091C000214616220FF095F90023BDE81040034810
:1091D0001A461721FFF78EBDC9160020C8160020B9
:1091E00070B50546FEF7D2FF3F22044600210A482B
:1091F0000FF030F9084A0848452302F8013C294697
:10920000E2B20FF076F9611C0023BDE8704003481C
:109210001A46C9B2FFF76EBDC9160020C816002055
:1092200038B5002105463E220B480FF013F90A4AD3
:109230007123941E02F8023C02F8015CFFF730FD36
:1092400000231A4602212046FFF754FD0AF04EFC87
:10925000024B186038BD00BFCA160020C01600209F
:1092600010B53E220446002108480FF0F3F8074AE3
:10927000722302F8023C02F8014C0023901EBDE864
:1092800010401A460221FFF735BD00BFCA16002064
:1092900010B53E220446002108480FF0DBF8074ACB
:1092A000732302F8023C02F8014C0023901EBDE833
:1092B00010401A460321FFF71DBD00BFCA1600204B
:1092C0002DE9F041194C174603222270AA22627040
:1092D000192F4FF057023D46A27028BF1925FA43B7
:1092E0002271A0712A46E01D8846E77063710FF075
:1092F00000F92021204608F03DFEBD4201D3BDE823
:10930000F0817E1BF6B21F22002109480FF0A2F85F
:109310001F2E28BF1F26032308EB050104482370D6
:10932000324635440FF0E5F8EDB2E2E79A16002038
:109330009B1600202DE9F043AB4B1B6900259A07D3
:1093400095B02E4600F109814022294604A80FF06D
:1093500081F8A64B04A81978FFF7B6FE9DF81430E3
:10936000AA2B40F0A1809DF81570542F08D19DF8CC
:109370001830AB2B04D19DF81930552B00F0948098
:1093800001AC9B4A0023019313606360A3603B0719
:109390000AD501238DF804309DF816308DF8083079
:1093A00094E80700FEF76AFFF80733D5FFF7B6FE2B
:1093B0009DF81630203B062B24D8DFE813F0070079
:1093C0000B000D000F00EC00EE00F00004238DF800
:1093D000043017E00223FAE70323F8E7DFF82882D6
:1093E000D8F8000005238DF8043058B10AF02BFBA3
:1093F00040F6B733984205D80023C8F8003001235F
:109400008DF80C309DF817308DF8083094E807007F
:10941000FEF734FFB9070ED5002301936360A36004
:109420000A238DF804309DF818308DF8083094E840
:109430000700FEF723FFFA062BD59DF91C209DF8A7
:109440001C30002AADBFC3EB431203F07F0340F290
:10945000E24203EB8203B8BF13FB02F3B3F5FA5FFA
:109460004FF47A72B3FBF2F2A8BF032392B2A8BF03
:10947000B2FBF3F25F4B1A80002301936360A36099
:109480000B238DF804308DF8082094E80700FEF7D0
:10949000F5FE7B0708D59DF819309DF81A100120BC
:1094A00043EA012101F00EF853480778002F78D0E5
:1094B0000DF11A033122002104AC93F800C0BCF175
:1094C000AA0F9E4603F1010311D193F800C0BCF12D
:1094D000570F0CD193F801C093F802908CF0FF085D
:1094E000C14501BFDE780EF1050439466546013AF3
:1094F00012F0FF02E1D181B3404B02701D70404B6E
:109500001E703E4B1A783B2A27D801230021037096
:109510000B46901E884246DCA118D8B211F8025CB6
:1095200085421AD111F8011CB1EB132F15D1214638
:1095300001AE11F8010B324B0025033AA328019527
:109540001B787560D2B2B56000F0848030D8A12855
:1095500037D0A22874D092287FD0254C2368BBB185
:1095600020680AF070FAB0F5FA6F11D9254D10266F
:109570004FF47A706E830BF0A8FD44F620602E83C2
:109580000BF0A3FD00210846FFF732FD0023236006
:1095900015B0BDE8F083062319E7072317E7082372
:1095A00015E704ACADE7655C2B449BB20131B1E734
:1095B000B0283AD0B428D0D163788DF808300A2387
:1095C00037E0A378142B21D8102BC6D9E0780228D5
:1095D0001FD0032825D00028BFD1FFF7B3FA054BD1
:1095E0001878FFF7A9FAB8E700040240520C0020EF
:1095F000BC160020500C00201F0C00201E0C002068
:109600009816002000080240C0160020162BA4D196
:10961000DCE70020FFF796FA134B18780530C0B24C
:10962000DFE7114B18780A30F9E763788DF80830D6
:1096300001238DF8043096E80700FEF71FFE8CE743
:10964000E378002B89D1A378722B86D1012001F019
:10965000D3FD82E7FFF734FE7FE704480EF049FFB1
:109660000C230290E5E700BF500C002058160020A4
:109670002DE9F0410378AA2B044642D14378553BAB
:10968000DBB2012B3DD8C278837882F0FF0293428F
:1096900037D11B2B35D8461D051D6FF00300002266
:1096A0009F1E001B41198F4226DC3344D1B213F8B0
:1096B000020C884225D113F8013CB3EB122F20D1C4
:1096C000114B22791978914218BF1A70627902F011
:1096D000F00214BF00250125602A12D1FFF7E0FA3D
:1096E0006278A2F156014A422B464A413046F9B20D
:1096F000BDE8F041FFF7FEBA15F8011F0A4492B227
:10970000D0E7BDE8F08100BF991600200C4B1B7814
:1097100010B59BB10B490022012451F8043B0132E2
:1097200023F00F00D2B203F00F0304FA03F3032A6D
:109730000383F2D1044B4FF480421A8310BD00BF63
:10974000640C0020580C00200004024070B5194839
:10975000194D132200210EF07DFE002401262868F9
:1097600000F00F01012206FA01F120F00F000DF0C8
:109770003FF955F8043B013423F00F02E4B203F043
:109780000F0306FA03F3032C1383E8D10B480122DD
:109790004FF480410DF02CF9084A09484FF48043FA
:1097A0001383202101220DF023F9054A202353833E
:1097B00070BD00BFEE530020580C00200004024092
:1097C0000008024008F00EB908B508F005F9BDE838
:1097D000084008F007B90000044B1878044B9B7B45
:1097E0001843C0B2003818BF01207047101700207E
:1097F000EE53002008B5084B00229A7301F000FEDA
:1098000001F0F7FD18B1BDE8084001F0E7BDBDE883
:10981000084001F0ECBD00BFEE53002010B5174C1E
:1098200028B301F043F8236883420FD9144A127811
:1098300012B9206080B110BD03442360002BFAD020
:10984000C01A47F23053984202D8F4E7002BF7D100
:109850000B4B1B78002BEED10AF048F9094B18602E
:1098600001F024F8064B206001221A70E3E7044B54
:1098700020601870044B20225A83DCE70C1700206C
:1098800010170020141700200008024070B500F0E7
:10989000E3FB10F0060F30D000F06EFE044630B14E
:1098A00000221146104606F09BFE012070BD00F01C
:1098B00059FE20B122462146204606F091FE00F0D6
:1098C00033FF08B100F038FF244DAA7B002A42D0B4
:1098D0006B7B02F00F04CBB100221146104606F05C
:1098E0007FFEAB7B03F010021B062BD51AB30023BF
:1098F000FF221946182006F061FE00F0ADFB01289A
:1099000001D102F0F7FE06F062FFCEE7144E317887
:10991000A142E6D012F0100206D01A4619461820CD
:1099200006F04CFE3470DCE70E482044134610F875
:10993000010C1146F4E70B48FF232044114610F8B0
:10994000010CD8E712B100231A46D2E705481346A6
:1099500020441146F3E702F0CDFECEE7EE5300209F
:10996000530C0020309101082DE9F04102788E4B14
:109970008E4C052A18BF1A701B78A27B042B04D8C2
:10998000DFE803F0290308639200894B00221A8064
:10999000012521E0FAB1217CE37B43EA0123617CCC
:1099A00043EA0143A17C53EA0163F1D162F07F02F3
:1099B000637AA273A27A43EA0223E27A43EA024379
:1099C000227B53EA026306D01A0AE37322741A0C4C
:1099D0001B0E6274A3740025A27B002A00F0BF80D6
:1099E00002F00F01013912F01003C9B240F0A38058
:1099F00002294FF0030C40F2A28003EB81070026FE
:109A00004FF0010EF0B2814209D043B1386820F026
:109A10000F0800F00F000EFA00F0A8F81800013649
:109A2000F0B26045EED3110640F18B80002D40F07E
:109A3000B88043B13B68012223F00F0103F00F030C
:109A400002FA03F34B83BDE8F081002AC3D0237CE4
:109A5000E17BA078A67AA57C41EA0321637C41EAF8
:109A60000341637843EA0023607A40EA0620E67AFD
:109A700040EA0640267B51EA05610CBF62F07F0296
:109A800002F03F0240EA066018BFC31AA273484AB8
:109A900018BF9BB2138010B181423FF679AF002B03
:109AA0003FF476AF0B448FE7002A94D0100636D5EA
:109AB00002F03F026379A273A27943EA0223E279BA
:109AC00043EA0243227A43EA0263394A9BB2138093
:109AD000A17A627A42EA0122E17A42EA0142217BDA
:109AE00052EA01620CD0207CE17B41EA0021607CDB
:109AF00041EA0041A07C41EA00618A42FFF448AF9C
:109B0000002B3FF445AF217CE27B42EA0122617CDD
:109B100042EA0142A17C42EA0162134454E762F046
:109B20007F026378A273A27843EA0223E27843EAD1
:109B300002432279C7E71F4B4FF0010C5DE71E4B34
:109B40005BE743B13B68012123F00F0003F00F03F3
:109B500001FA03F30383002D3FF475AF00E065B114
:109B600002F03F02A273FFF791FE0023A37300F0FF
:109B7000DFFAA37B002B7FF466AF01F041FC07F016
:109B800075FD014600287FF45EAF024606F028FD11
:109B900002F0B0FD094BDB689847BDE8F04101F0E9
:109BA00026BC002BCED1DBE71C170020EE53002093
:109BB0001E170020540C0020580C00209499010816
:109BC0002DE9F04105460C4600F046FA012814D074
:109BD000594B182C1A7808BF1124A2420FD0022D1D
:109BE0000DD01C704FF00108544A1378AB4209D1D4
:109BF000B8F1000F06D1052D08D0BDE8F0814FF077
:109C00000008F1E7062B01D1022DF6D04C4F15705C
:109C10003B7009F06BFF4B4B4B4E186001F0DEFBC5
:109C2000AB1E042B16D8DFE803F003305670770024
:109C3000464C4749132220460EF05BFC2046FFF7B6
:109C400093FE00F099FC38B14FF47A70FFF7BCFD39
:109C5000FFF75CFD3570D0E73B78032BF4D0052B84
:109C6000F6D0A37A607A40EA0320E37A40EA034020
:109C7000237B50EA036005D049F64043984238BF41
:109C80001846E3E74FF0FF30E0E733782F4F032B20
:109C900002D1B8F1000F08D02E492C4813220EF043
:109CA00028FC2A48BC73FFF75FFEBA7A7B7A43EA46
:109CB0000223FA7A43EA02433A7B53EA026328D04A
:109CC000254A10884FF47A725043984238BF18469C
:109CD000FFF77AFDBEE71D4F2049132238460EF0EC
:109CE00008FC64F07F043846BC73FFF73DFEBB7A86
:109CF000787A40EA0320FB7A40EA03403B7B50EA53
:109D0000036006D049F64043DFE7104F14491322A1
:109D1000E4E74FF0FF30DBE70D490C4813220EF06B
:109D2000E8FB0A48FFF720FE01F0E8FB00288BD093
:109D300040F6B8308AE700BF0A1700200917002054
:109D4000081700201817002020170020EE530020CD
:109D500033910108599101081A0C00206C910108F7
:109D60004691010808B500F077F9012803D1044BAA
:109D70001B78052B03D0BDE8084002F0BBBC08BD32
:109D8000AC56002008B509F01DFCC04300F00100EE
:109D900008BD000070B5214C2378002B3CD003F0A7
:109DA0000F03052B08D91E4B20225A830023237052
:109DB000BDE8704000F0BCB91A4E306809F043FEAF
:109DC000B0F57A7F237823D913F0800F144D19D082
:109DD00003F07F030133237020236B8309F086FE99
:109DE0002378306003F00F03052B15D920236B83F4
:109DF0000D4B9B7B83B9FFF7C5FF68B1BDE8704091
:109E000001F0F5BA63F07F03237020232B83E5E78D
:109E100003F00F03052BC6D870BD00BF101700203C
:109E20000008024014170020EE53002010B500F087
:109E300017FD0A4B9B7B6BB1094C206809F003FEB0
:109E4000084B1B88984205D30748FFF78DFD09F0A2
:109E50004DFE2060BDE81040FFF79CBFEE53002090
:109E6000181700201E1700201C170020704708B587
:109E700000F0FAFDFEF71EFDFFF7F8FF00F0ECF82A
:109E8000012801D100F0EEF8012008BD08B5FFF768
:109E90005DFC07F0A9FD42F210700BF016F907F017
:109EA0009BFB4FF0FF3007F097FD07F09BFD09F09B
:109EB00089FBBDE8084000F08BBF000037B50446C1
:109EC000B8B11548154D09F05FFBFEF731FB09F0FD
:109ED0000DFE0446204609F0B6FD632806D9002190
:109EE0001E2003B0BDE83040FEF7FEBAEB6A98478B
:109EF000F0E7FFF77FFCFEF707FD032809D1084BC9
:109F00001B78022B05D1044BCDE900445B68684601
:109F1000984703B030BD00BF000C0020200C00208B
:109F20002117002037B50446B8B11548154D09F082
:109F30002BFBFEF7FDFA09F0D9FD0446204609F097
:109F400082FD632806D90021182003B0BDE8304007
:109F5000FEF7CABAEB6A9847F0E7FFF74BFCFEF74B
:109F6000D3FC032809D1084B1B78042B05D1044BE3
:109F7000CDE900445B686846984703B030BD00BF38
:109F8000000C0020200C00202117002007B550B144
:109F900009F000FB0A4B98420FD0184603B05DF859
:109FA00004EB09F0F1BA074B1B78042B05D1044BE5
:109FB000CDE900005B686846984703B000BD00BF6C
:109FC0009C100020AC56002038B5224D2B788342DF
:109FD00004463DD0012B1DD104F0B1F8022C2C70A9
:109FE0001DD0042C2AD0012C32D12046FFF7CEFF01
:109FF0000020FFF763FF4FF4FA700BF066F80020C3
:10A00000FFF790FFFEF794FA00F0B2F8BDE8384091
:10A01000FFF73CBFFEF778FC0328DFD1DCE7002028
:10A02000FFF780FF64200BF050F80120FFF746FF98
:10A030000020FFF7ABFF00F07BF8E7E70020FFF719
:10A040003DFF64200BF041F80120FFF76BFFEFE7C5
:10A0500038BD00BF21170020014B1878704700BFA2
:10A060002117002038B51F4C0AF016F82378052B6D
:10A0700037D11D4D2378052B05D004F02BFDBDE80D
:10A08000384008F0CDBC00F0EFFC2B78012B03D05A
:10A09000BDE8384003F09CBC09F0F3FC09F0BAFCC1
:10A0A0000028E7D00F480BF0A3FC47F230500BF02C
:10A0B0000CF8CF2008F0D6FB08F0B2FC4FF47A7011
:10A0C0000BF003F8D02008F0CDFB08F0A9FC4FF40A
:10A0D0007A700AF0FAFFD02008F016FC08F0A0FC15
:10A0E000C8E738BDAC5600202117002070B50F4DD1
:10A0F0001424012655F8040B431C11D000F00F0165
:10A10000012206FA01F120F00F000CF071FC55F865
:10A11000043C23F00F0203F00F0306FA03F353830A
:10A12000013C14F0FF04E5D170BD00BF680C0020B5
:10A1300008B5064B00221A7009F0D8FC044B1860D1
:10A14000044B40F6B8321A6008BD00BF3C1700202F
:10A1500040170020D00C002008B50448202201211F
:10A160000CF046FCBDE80840FFF7E2BF00040240E7
:10A17000024A00231370024A136070473C17002004
:10A1800040170020F8B50E4D06243026002755F85C
:10A19000043B01330CD086F3118855F8040C0322DC
:10A1A00000F00F0120F00F000CF088FC87F31188FD
:10A1B000013C14F0FF04EAD1FFF798FFF8BD00BF9F
:10A1C000B80C0020F8B50C4D06243026002755F8B1
:10A1D000043B01330BD086F3118855F8040C00F0D2
:10A1E0000F0120F00F000CF09BFC87F31188013C5D
:10A1F00014F0FF04EBD1F8BDB80C00207047704795
:10A20000014B10225A837047000002407047000043
:10A21000024B1869C04300F001007047000402407F
:10A2200030B585B0FFF718FF0128054625D1FFF7A7
:10A23000EFFF044608BB0246014606F0D1F9334B56
:10A24000DB68984707F0D0FB314B4FF400725A831C
:10A2500020225A832F4B93E8070001AB83E80700C5
:10A2600053F8042B013422F00F01E4B202F00F0284
:10A2700005FA02F2032C0A83F2D127480BF02EFBD9
:10A2800026480BF0A8FA2648402220210CF0B0FB0B
:10A290002348402280210CF0ABFB4022204811468D
:10A2A0000CF0A6FB302585F311881E4802220121FF
:10A2B0000CF004FC002484F3118885F311881948FC
:10A2C000032221460CF0FAFB84F3118885F31188F0
:10A2D0001348032209210CF0F1FB84F3118885F364
:10A2E00011880F4803220A210CF0E8FB84F311883F
:10A2F000FFF748FF0B4840224FF480510CF078FBE9
:10A3000000F0DAF8FFF77BFF05B030BD9499010843
:10A310000008024008910108AC56002018570020A0
:10A32000000002400004024038B50BF025F8204B35
:10A330001B680BB10120984707F086FF302500F01D
:10A34000B3F8FFF73FFF85F311881A4801210CF09D
:10A35000E7FB002484F3118885F31188164809214E
:10A360000CF0DEFB84F3118885F3118812480A2172
:10A370000CF0D6FB84F3118885F311880D48214633
:10A380000CF0CEFB84F31188FFF742FF20B109F0F7
:10A3900071FE0A4809F0DEFE01F04EFD05F0E8F816
:10A3A00006F04CF8BDE83840012007F02DBF00BF93
:10A3B000200C00200004024000000240AC560020A7
:10A3C000012810B5044603D8204600F0CBFB10BD91
:10A3D000FFF71EFF0028F7D00020F8E770B52C4CDF
:10A3E000267856B92B4D286809F02DFB2A4B1B689F
:10A3F000984282BF012323702E60FFF709FF50B1FE
:10A40000264C2378012B41D109F034FE2046BDE8CB
:10A41000704009F09FBEFFF71FFE022801D00428FC
:10A4200034D1237893B3FFF7D7F978BB03F0B6F9AB
:10A4300060B307F01BF928BB19491A4818220DF020
:10A44000F9FF044610BB0220FFF7BAFFF0B1FFF797
:10A45000D5FEFFF7E5FE00F04DFB022000F0B2FB59
:10A46000FFF7CEFE00F0D8FB00F056FBFFF75CFFD5
:10A47000FFF7CCFEFFF75CFEFEF7EEFA204600F099
:10A4800071FB03E007F0C8FA0028D5D170BD00BF0A
:10A490003C17002040170020D00C0020AC560020B4
:10A4A00024170020C4540020024820224FF40051F9
:10A4B0000CF09EBA00040240704702210520FEF70E
:10A4C00041BE000010B5C8B140F2234303FB01F4C4
:10A4D00040F2F313B4FBF3F407F0C8F858B10B4B98
:10A4E0009B699847F3EE0E7A20EE270ABCEEC00A6D
:10A4F00010EE103A1C44064B1C8010BD40F6E4439D
:10A5000003FB01F4A40A6400E6E700BF9499010884
:10A51000D40C0020124B1B8841F2040293421AD83B
:10A5200040F6AC5293420AD9A3F6AC50502358439C
:10A530004FF41673B0FBF3F01430C0B2704740F61E
:10A54000E442934209D9A3F6E44014235843C823B4
:10A55000B0FBF3F0F1E7642070470020704700BFC4
:10A56000D40C0020034B18780A2894BF0020012047
:10A57000704700BF46170020034B1878142894BF7B
:10A5800000200120704700BF4517002008B50B4B85
:10A590001A8840F6AB539A420ED8094A13780A2B10
:10A5A0000AD80133DBB20B2B137005D10120FFF762
:10A5B00035F9044B0F221A7008BD00BFD40C0020DF
:10A5C00046170020441700200A490B4A08881378D0
:10A5D00040F6E341884208D8142B0AD80133DBB295
:10A5E000152B137005D1FEF70FB8142B9CBF002359
:10A5F00013707047D40C00204517002008B500F0F8
:10A6000055F9014B186008BD4817002070B52A4D58
:10A61000286800F057F90646FFF71EFD10F0060FF8
:10A6200038D0FEF771F90328244C02D023780E2B82
:10A6300030D8FFF7EDFD58B140F6B8339E4207D948
:10A640001F4B1B699B0454BF01200220FEF794FDA1
:10A6500023780E2B12D800F0CCFE78B9C82E19D969
:10A66000FFF794FFFFF7B0FF00F020F9154B984279
:10A6700008D900232B6000F00BF904E040F6B83352
:10A680009E42ECE72860FFF718FF23780E2B9CBF53
:10A69000013323700C4D0D4C2B7822781343DBB221
:10A6A0004BB1FFF7B5FD30B1002028702070BDE838
:10A6B0007040FFF7B3B870BD481700204417002062
:10A6C00000040240005C26054617002045170020C4
:10A6D0000D4B10B501221A70044609F007FA0B4B16
:10A6E000186000F07BFE0A4B1C700A4B00221A70A7
:10A6F000094B96221A60094AFF231370084A137007
:10A70000084A137010BD00BF5C17002058170020C6
:10A710005517002054170020501700204C17002018
:10A720004D1700204E170020024B1878003818BF34
:10A73000012070475C1700202DE9FF4117490A22CC
:10A7400001A80DF0D6FE0024002320461A46194623
:10A75000013405F033FF6D2CF6D1114B1B7803F05B
:10A76000FD03012B0CD10F4E0F4FDFF8448001ACDD
:10A7700000250A223378B3FBF2F3EAB2934202D8FF
:10A7800004B0BDE8F08109493B7898F800200978C9
:10A7900014F8010B05F012FF0135EAE77F9101087B
:10A7A0005C170020541700204C1700204E17002083
:10A7B0004D17002010B5214A1378022B16D0032B19
:10A7C0002CD0012B07D11E491E480B7800789842E7
:10A7D00006D90A330B7009F089F91B4B186010BDBC
:10A7E0000BB90A230B7002231370F4E7154B1749BA
:10A7F0001B78174C1D2B174B0AD8FF20087000211F
:10A8000019702170144B40F6B83119600323EBE73F
:10A8100000200870FF2120701970F3E700231370E7
:10A8200000F0EEFD0D4B9B7B23B906F01FFF08B92E
:10A8300000F0DDFDFFF77CFCCDE700BF5C170020DA
:10A840005417002055170020581700204E170020DD
:10A850004C1700204D17002050170020EE53002009
:10A8600008B5084B1B785BB1074B186809F0EBF88B
:10A87000064B1B68984203D9BDE80840FFF79ABF12
:10A8800008BD00BF5C17002058170020501700209B
:10A8900007B5002303486946CDE900330AF07CFF81
:10A8A00003B000BD0C570020FFF7F2BF07B5044806
:10A8B00069460AF073FF019820F0784003B000BDAC
:10A8C0000C57002010B50446FFF7F0FF001B10BD29
:10A8D00008B50B4800224FF480610CF089F8094B51
:10A8E000074820221A834FF4007100220CF080F8F0
:10A8F0000020FEF791F9BDE80840FDF71FBD00BF3D
:10A90000000002400008024038B547F60E63984246
:10A9100004460D4630D006D8A0F5FC430B3B022B75
:10A9200013D9012038BD47F60F639842F9D1FFF7DC
:10A9300093FB10F0060FF4D0FFF76AFC0028F0D16B
:10A94000FFF7E8FDFFF7C4FEEBE7FFF785FB022802
:10A95000E7D16B795BB1104D0A3C2C7009F0C6F859
:10A960000E4B002118602878FDF7BEFDD9E70A4A92
:10A9700013700A4A1360D4E7FFF76EFB0428D0D1A6
:10A980006B79002BF3D0044B18221A7009F0AEF843
:10A99000024B1860C5E700BF64170020681700204D
:10A9A0007FB51848FEF71CFC4FF496700AF08DFB3B
:10A9B000002111220DF105000DF04CFD02238DF850
:10A9C0000030114B1A785B788DF802306FF04B0332
:10A9D0008DF8033000238DF804300523ADF80630E0
:10A9E0005A238DF8083001238DF80B3068464FF458
:10A9F0002A638DF80120ADF80E30FEF7D5FB07B0C5
:10AA000000BD00BF8A910108180C0020FFF7C8BFE5
:10AA100010B5094C237873B109F068F8B0F57A7F66
:10AA200009D2FFF7BDFFFFF717FB022801D1FDF7A1
:10AA3000B3FC0023237010BDD60C002010B5084CC9
:10AA4000206860B108F0FFFFB0F5FA6F07D9054B39
:10AA5000002121601878BDE81040FDF785BC10BDCD
:10AA6000681700206417002010B51F4C2068A8B993
:10AA70001E4A136912695B0AC2F3402203F0020303
:10AA800013431B4A1178994204D0137009F02EF831
:10AA9000206018B9FFF7E0FA20B110BD08F0D3FF2D
:10AAA0006428F7D9114A1249136912695B0AC2F383
:10AAB000402203F0020313430A789A420ED1002386
:10AAC000012A236003D0022A06D0012000E00220E0
:10AAD000BDE81040FFF778BA0420F9E70B7009F0E1
:10AAE00005F82060D9E700BF601700200000024091
:10AAF0005D17002008B5074840224FF480510BF045
:10AB000077FFBDE80840034840224FF400610BF096
:10AB10006FBF00BF0000024008B5114840F21A5252
:10AB20004FF400610BF064FF0D4840F21A524FF4ED
:10AB300080510BF05DFF0A4840F2822220210BF089
:10AB400057FF074840F2822280210BF051FFBDE8F9
:10AB50000840034840F2822240210BF049BF00BF69
:10AB6000000002400228144A0BD003281BD0012801
:10AB700015D11378F3B911490B6923F004030B6164
:10AB80000DE01378B3B90D490B6943F004030B6171
:10AB90000B490B6843F4606343F001030B6001232E
:10ABA000107018467047137823B904490B6943F0B5
:10ABB0000403E4E70023F3E76C17002000ED00E056
:10ABC0000070004008B5114B9A6822F003029A60A9
:10ABD0009A6812F00C0FFBD11A6822F480321A60C6
:10ABE0000A4A13689B03FCD40948402201210BF058
:10ABF000FFFE0748402202210BF0FAFE30BF054A53
:10AC0000136923F00403136108BD00BF003802403C
:10AC1000001C024000ED00E00BF0F4BA0120704788
:10AC200038B504460D4600F05BF8F0B129462046E1
:10AC3000FDF776FEC8B12946204600F007FAA0B11C
:10AC40002946204601F018FA78B129462046FFF738
:10AC5000E5FF50B12946204602F06EFA28B1294698
:10AC60002046BDE8384001F085BD002038BD08B55C
:10AC700001F040FDFEF70AFE00F070FA00F00CFC57
:10AC8000012008BD08B5FFF7F2F800F089FA02F0DC
:10AC9000F3FA00F083F802F021FD08BD38B5044650
:10ACA0000D4602F0A7FD28B129462046BDE83840F0
:10ACB000FFF7B6BF38BD10B505F089FD044608B1F1
:10ACC000FFF7D5FF204610BDFFF7DCBF08B501F048
:10ACD000C1F901F03DFBBDE80840FFF7F9BD0000F8
:10ACE000A0F5FC4370B50A2B4DD8DFE803F0131331
:10ACF0001313060C2A2A2A2A17004B79C1202BB1DC
:10AD000002F0F2FE04E04B79C220F8E702F087FF80
:10AD1000002070BD1D4BC05C4B79F0E74B79002BD8
:10AD2000F6D01B4B1A783AB90122E3201A7002F0D0
:10AD3000DBFE2C2002F0D8FE08F0D8FE154B186080
:10AD4000E6E74D79144CA0F5FC400638ADB914F88F
:10AD5000206004EB8004EBB29E42D9D92344013534
:10AD6000587802F05CFFF6E723440135587802F08A
:10AD7000BBFEEBB29E42F7D8CAE714F8206000256C
:10AD800004EB8004F5E70120C3E700BFA515010827
:10AD900074170020701700209593010838B50A4DEC
:10ADA0002B787BB1094C206808F04DFEB0F5FA7F96
:10ADB00008D9E32002F033FF2C2002F030FF0023FB
:10ADC0002B70236038BD00BF74170020701700205F
:10ADD00038B5044602F015FE0546B8B1204602F02B
:10ADE00013FE06F043FC044680B906F009FE224635
:10ADF0002146204605F0F4FB01F07CFC044BDB68A7
:10AE00009847FEF7BFFF08B106F0EEFD284638BDB3
:10AE100094990108014638B50446762301F8013BB0
:10AE20002E25102201200DF0CBF9E11CA570102277
:10AE300001200DF0C5F9611D2571102201200DF0D2
:10AE4000BFF92023A371E01D0249BDE83840142258
:10AE50000DF04FBB9B91010870B50C46154630B9FB
:10AE6000074B5B6929462046BDE870401847FDF74F
:10AE70004BFD032803D1034B5B6A002BF2D170BD5D
:10AE80009C100020200C002070B50B78012B06468A
:10AE90000C4615460FD003F16002D2B20B2A15D82A
:10AEA000A03B0B2B12D8DFE803F013192228111155
:10AEB000112E6911707748B13422CA700A710A22C2
:10AEC0004A71CB71A02211238A710B72002070BDD0
:10AED000022300224B708A70E37002E0481CFFF7E7
:10AEE00099FF2A4621463046FFF7B6FF52E000237D
:10AEF0004B70F7238B700323EEE72B4B187802F08F
:10AF000073FD6070EDE74B78013B122B31D8DFE821
:10AF100003F00A1217171C1C21212121262630308C
:10AF20003030302B2B0000238B7002220B71DF237B
:10AF3000CA704B71D5E72946204600F0FFFAD0E7EA
:10AF40002946204601F056F8CBE72946204601F075
:10AF500029F8C6E72946204601F03AF9C1E7294613
:10AF60002046FDF763FDBCE72946204600F0FAFACB
:10AF7000B7E7FF230B7000234B70B2E7B0FA80F005
:10AF80002A46400901F09CFAABE728B92946204639
:10AF9000FEF76EFB01209AE7B6FA86F02A462146B4
:10AFA000400900F051F9F5E7131A0020FFF76CBFD4
:10AFB000FFF752BF08B508F099FD014B186008BDB6
:10AFC0007C17002013B503F0BAF803F0A0F81C4B6F
:10AFD0001C781C4B00221A7003F0FFFD03F0FFFDEC
:10AFE00008B903F03BFE184803F008FE204603F0C2
:10AFF000F4F800F0CDFF01F01DF806F07FFC06F03C
:10B00000EBFA05F0A3FA01F033F9FDF705FD41F283
:10B0100088300AF05AF80220FEF702F900F0D5FA5B
:10B02000FF23ADF8043000238DF80630FA21019B90
:10B030000322084602B0BDE8104000F0F3B900BF9B
:10B04000131A002077170020A85400204A2810B5B2
:10B050006AD005D80D2826D01D2840D0012010BD6B
:10B0600020F0020345F2212293420ED04F28F5D161
:10B070004A79002A50D0354A1378002B42D0013348
:10B08000DBB2042B88BF012305E0314A49791378EC
:10B0900019B143F001031370E0E723F001031370CB
:10B0A0002C4B1960DAE72A4C4A7923785AB143F0DD
:10B0B0000203072B237001D1FFF77CFF2078C043E8
:10B0C00000F00100CBE723F002032370214B1A604C
:10B0D000214A13789807C1D523F00203DBE71C4C03
:10B0E0004A79237812B143F00403E2E723F0040322
:10B0F0002370184B1A60184A13785907AED523F0FD
:10B100000403C8E7124A137843F00803192B13709D
:10B11000A4D1FFF74FFFA1E70D490B7823F00803F7
:10B120000B700C4B1A6099E74A7952B1074B1A78A9
:10B1300012B100221A7091E7054A137843F0100308
:10B14000E4E703490B7823F01003E9E777170020C1
:10B15000781700207C1700207517002008B50F4BCA
:10B160001B78C3B1013B032B08D8DFE803F00209C9
:10B170000D10FF221146104605F032FA002008BDDE
:10B1800000221146FF20F7E70022FF21F3E700210C
:10B19000FF220846F0E70120F1E700BF7717002003
:10B1A00010B5114C206890B108F04DFC40F6B83352
:10B1B00098420CD9002323600C4C2378072B07D12D
:10B1C0000B4B06221A70FFF7FDFE0023237010BD03
:10B1D000192BFAD106F04AFA08B906F08FFB054B95
:10B1E00001221A70F1E700BF7C17002078170020B9
:10B1F000751700207717002070B588B00D461646E9
:10B2000000212022044668460DF024F9AB23324683
:10B2100029460DF101008DF800300DF06AF96946FC
:10B2200001230022013311F8010FDBB21D2B024470
:10B23000F8D1ADF81E206946202284F00100FFF706
:10B240000BFE08B070BD000030B50B78AB2B89B099
:10B25000044625D10A4601F11C00002312F8015FC3
:10B260002B4490429BB2F9D1887FDAB2904217D139
:10B27000CA7FB2EB132F13D14B780CB9072B0FD920
:10B28000013B082B0CD8DFE803F0050D0B142A0B4B
:10B290003D456B003E4B8A781A703E4B00221A6087
:10B2A00009B030BD8B783C4A003B18BF01231370B6
:10B2B000F6E78B78A12B07D0A22BF1D1C978374BB9
:10B2C000102251B11A83EBE7C878003818BF01206B
:10B2D00009B0BDE83040FDF7C3BF5A83E0E705235E
:10B2E0008DF80030FEF7B8FE2D4B8DF801001B697C
:10B2F00003F001038DF80230032269460120FFF7B5
:10B300007BFFCDE788784E28CAD809B0BDE8304029
:10B31000FDF7BEBF47F2086310220DF102010120C4
:10B32000ADF800302E250CF04BFF102201A90120B2
:10B330008DF803500CF044FF10220DF1060101209E
:10B340008DF805500CF03CFF2023142215498DF890
:10B35000073002A80DF0CDF81C2269462046CEE742
:10B3600040F609431049ADF8003004220DF1020007
:10B370000DF0BFF80D4904220DF106000DF0B9F8EB
:10B3800004220B490DF10A000DF0B3F80E22E4E798
:10B39000771700207C17002076170020000002405D
:10B3A000000402409B910108107AFF1F207AFF1FC2
:10B3B000307AFF1F084B1B7807B553B14FF48173E8
:10B3C0008DF80610032201A90120ADF80430FFF723
:10B3D00013FF012003B000BD7617002008B506F06A
:10B3E00045F918B9BDE8084006F06EBA08BD06F088
:10B3F00021B908B506F03AF9003818BF012008BD98
:10B4000010B5074C08221721204604F0A7F923782D
:10B41000032B03D8BDE8104005F098B810BD00BF5D
:10B42000E054002013B50D4C01930023637240F2E9
:10B430000113E18022726381A08008F057FB019B19
:10B44000A3811B0C2060A373FFF7C8FFA27B617B65
:10B45000207B02B0BDE8104005F0C2B88017002084
:10B4600008B50B4B0022DA72FFF7CAFF06F0FEF8B0
:10B47000014658B9024605F0B3F801F03BF9054B17
:10B48000DB689847BDE8084006F0D4B808BD00BFA7
:10B49000801700209499010810B5174CE37A4BB33C
:10B4A000206808F0D0FAA37AC3B1A28882421BD8E0
:10B4B00008F01CFBA37A206083F00103A372ABB1F8
:10B4C000637A227A0133DBB29A42637208D9A27B93
:10B4D000617B207BBDE8104005F082B8E288E5E79B
:10B4E000BDE81040FFF7BCBF002BF0D11A4619464B
:10B4F0001846EFE710BD00BF80170020014BD87A37
:10B50000704700BF801700207047704708B5FFF7ED
:10B51000FBFFBDE8084008F07BBA08B5FFF7F5FF70
:10B52000BDE8084008F075BA08B500F031FD00F03C
:10B5300081FDBDE8084000F09BBE000038B509223F
:10B540000023012504468370C5700271044905304B
:10B550000CF0CFFF0223A373E573257438BD00BF41
:10B56000AF9101080378A72B06D14378122B04D0A2
:10B57000132B0BD0FF230370704700238370054B00
:10B580001B78DB0943F00403C37070470123837009
:10B59000704700BFA854002010B588B02022044690
:10B5A000002168460CF056FFA32320468DF800309A
:10B5B00002F01AFA20218DF80100684606F0DAFC44
:10B5C000204602F0FDFD08B010BD00B589B0202274
:10B5D000002168460CF03EFF41F2A7132021684687
:10B5E000ADF8003006F0C6FC09B000BD70470000A1
:10B5F0002DE9F843144E8146884615461C4643B152
:10B600000123337008F072FA104B18600020BDE877
:10B61000F8833778002FF9D00C4B186808F013FA2C
:10B620000B4B1B788342F1D8AA00494640460CF0E8
:10B6300001FF28B1AA00494640460CF05AFF3C469B
:10B64000002333702046E2E7941700209017002073
:10B65000DC1700207047000010B5012104460CF0F3
:10B660007BFD064B0421186020460CF075FD044B51
:10B67000186008F071FA034B188010BD9C17002069
:10B6800098170020A017002010B5074C206818B1AB
:10B690000CF0A0FD00232360044C206818B10CF0CE
:10B6A00099FD0023236010BD9C17002098170020EF
:10B6B0002DE9F04117460646884608F04DFA1C4A27
:10B6C000DFF878C0138810801A4AC31A15681A4A1E
:10B6D0009BB2FF2B126828BFFF230024DBB2043A81
:10B6E0002046E1B28F4201D8BDE8F08156F824101F
:10B6F00052F804EF8E4507D09CF800E085F800E092
:10B70000116001350134ECE72978994202D9C91A50
:10B710002970F6E70029F4D058F8241048F824E0FE
:10B720008EEA0101014314BF012000200021EFE750
:10B73000A01700209C17002098170020DC1700207D
:10B7400070B5044600EB800080000CF03BFD084B18
:10B750001860142306465C430025A54200D170BD45
:10B760007019142200210CF075FE1435F5E700BFA6
:10B77000A817002010B5044C206818B10CF02AFD61
:10B780000023236010BD00BFA81700202DE9F74F4C
:10B79000464D474C95F800A001930023804689460A
:10B7A00093462370BAF1000F69D008F09FF9414A1F
:10B7B00013681060C31AFF2B1CD89BB1D8B23E4B44
:10B7C0002478196800222A7017469446D3B29B4504
:10B7D00012D80FB1364B1C70BCF1000F02D0334BA6
:10B7E00001221A70019B002B50D1314B187803B005
:10B7F000BDE8F08FFF23E1E74E1E002516F8013F5C
:10B80000BBB198421BD34FF00003337059F822703C
:10B8100058F8223087EA030E0123AB400EEA0303F7
:10B820001C4387EA030749F8227014BF012400244F
:10B8300057460135142DE1D114310132C6E71B1AE8
:10B840003370D446F5E759F8231058F8230006FB67
:10B85000035280EA010C00212CFA01F010F00100E3
:10B860000BD0107810B938781070012401311429E8
:10B8700002F10102F0D101330EE01070F6E7019BF6
:10B88000002BB2D008F032F90A4B18600A4B0B4F6C
:10B890001D6800231C461426DAB29345D3D8002C29
:10B8A000A3D0024B01221A709FE700BFA31700200C
:10B8B000A2170020A4170020A8170020DC170020E2
:10B8C00010B504460CF07EFC044B044418600023C1
:10B8D000A04200D110BD00F8013BF9E7B4170020E9
:10B8E00010B5044C206818B10CF074FC00232360E0
:10B8F00010BD00BFB41700202DE9F74FDFF804A1F9
:10B900003C4E9AF80050DFF800B101901C4600232D
:10B91000894617463370002D69D008F0E7F8364B9A
:10B920001A681860821AFF2A38D8BAB1334B1B68DC
:10B930000020D2B28AF800008BF8000007EB030861
:10B940008446864698452BD110B101238BF80030F0
:10B95000BCF1000F02D001238AF8003044B92C4614
:10B960009BF80030B3B11CB908F0C0F8224B186046
:10B97000224A31781468224D00238BF800309C460F
:10B98000DAB297421BD8BCF1000F03D001238AF82A
:10B9900000303170307803B0BDE8F08FFF22C5E78A
:10B9A00013F8011B0029CDD08A4233BF891A03F84E
:10B9B00001EC284603F8011C38BFAC46C2E7019AE7
:10B9C00052F8230059F8232082420ED0E25C62B97B
:10B9D0002A78E25459F8232049F8230042400A43C8
:10B9E00014BF012100214FF0010C0133C8E7002CE6
:10B9F000B6D0B9E7AC170020B0170020B41700206C
:10BA0000DC170020AD170020B817002070B50446E1
:10BA100000EB800080000CF0D5FB084B186014236D
:10BA200006465C430025A54200D170BD7019142262
:10BA300000210CF00FFD1435F5E700BFC017002002
:10BA400010B5044C206818B10CF0C4FB002323602F
:10BA500010BD00BFC01700202DE9F04F464CDFF8A5
:10BA600028B12678454F85B01D46002303900291EA
:10BA700001928BF80030002E7BD008F037F8404B55
:10BA800019681860411AFF293DD8B9B13D4B002211
:10BA9000D3F800C02270C9B23A70904696469146DB
:10BAA0000198D3B2984230D8B8F1000F01D00123E9
:10BAB0003B70BEF1000F01D0012323703DB9354624
:10BAC0003B78DBB11DB908F011F82D4B18602D4AF9
:10BAD000DFF8B8A0D2F800E0029A00233B70101FF4
:10BAE0001E464FF014084FF001090199DAB2914255
:10BAF00021D81EB101238BF8003023709BF8000081
:10BB000005B0BDE8F08FFF21C0E70CF1FF330CF169
:10BB1000130A13F8010F40B1814233BF401A83F872
:10BB20000090B046187038BFB6465345F1D10CF1BD
:10BB3000140C0132B4E7039A416852F823204A40BA
:10BB4000029208FB03E70022029D09FA02FC15EAB3
:10BB50000C0F07D0BD5C2DB99AF80060BE5481EA85
:10BB60000C0101260132142AEED140F8041F0133E2
:10BB7000BBE7002DA4D0A6E7BB170020BA17002012
:10BB8000BC170020C0170020B9170020DC170020C8
:10BB900038B5044600EB800080000CF013FB094B25
:10BBA000186014235C430023A34200D138BD002257
:10BBB00085180132E95C142A21F0FE01E954F7D11D
:10BBC0001433F1E7CC17002010B5044C206818B1ED
:10BBD0000CF000FB0023236010BD00BFCC17002039
:10BBE0002DE9F04FDFF8E091DFF8D88199F8007087
:10BBF00085B01E46002300900C46019288F8003064
:10BC0000002F00F0D58007F071FF6B4A13681060B9
:10BC1000C31AFF2B4CD823B3DAB20292674A6849A1
:10BC200012680392002298F800C089F800200A7078
:10BC30009246914690460198D1B288423AD8BAF1DC
:10BC4000000F02D05E4B01221A70B9F1000F02D032
:10BC50005C4B83F800C0B8F1000F02D05A4B0122B0
:10BC60001A7046B93E46564B1B78E3B11EB907F031
:10BC70003DFF514B1860514B514A1D68DFF84CE1B4
:10BC8000002313701E46184614274FF0010C01992B
:10BC9000DAB2914249D816B14A4B01221A7010B15A
:10BCA000494B01221A70474B187805B0BDE8F08F58
:10BCB000FF23B1E70399142000FB021E00201EF8A9
:10BCC000001001290EEB000B1FD9B3EB510F21DB44
:10BCD00021F0FE010EF80010C90724D4009954F891
:10BCE000229051F82210012589EA010105FA00FB92
:10BCF00001EA0B0B89EA0B015CEA0B0C44F82210F9
:10BD000014BFAC464FF0000CB94601301428D6D110
:10BD1000013290E7029DC5EB510868F347018BF8AB
:10BD20000010B846F1E7BA46EFE7009A52F8231040
:10BD300054F8232081EA020907FB035100220CFA80
:10BD400002F819EA080F12F801A002EB010B20D04B
:10BD5000BAF1010F27D8009850F8230018EA000F15
:10BD600014BF0120002060F3000A02F801A09EF831
:10BD7000000060F3470A1AF0010F02F801A006D094
:10BD800054F8230080EA080044F82300012601202B
:10BD900009E0BAF1010F06D91AF0010803D168F3DE
:10BDA000470A8BF800A00132142AC8D101336EE78C
:10BDB000002E3FF458AF5AE7C8170020CC170020D8
:10BDC000C5170020C4170020C6170020DC1700206C
:10BDD0007047F8B507460E461C465BB19500014614
:10BDE0002A4630460CF026FB30B12A46394630460A
:10BDF0000CF07FFB2046F8BD0446FBE770470000CF
:10BE000008B5064B2620197803F07AFC044B27204E
:10BE10001978BDE8084003F073BC00BFDD170020AF
:10BE2000DC17002010B5034C646804B1A047002063
:10BE300010BD00BFD0170020024B9B6803B118470C
:10BE4000704700BFD01700202DE9F041284F294E40
:10BE50003B78834205460C4604D133788B4201D1AE
:10BE6000002A43D0FFF7E8FF234B3D703470002CCD
:10BE700036D0062D2ED8DFE805F0040B11171D2350
:10BE800033001E4A1A601E4A5A601E4A9A6021E018
:10BE90001D4A1A601D4A5A601D4AF7E71D4A1A607A
:10BEA0001D4A5A601D4AF1E71D4A1A601D4A5A6030
:10BEB0001D4AEBE71D4A1A601D4A5A601D4AE5E714
:10BEC0001D4A1A601D4A5A601D4A9A60220601D511
:10BED0007F2232701B684BB1BDE8F0410620184745
:10BEE000184A1A60184A5A60184ACFE7BDE8F0812C
:10BEF000DD170020DC170020D0170020EDB500086A
:10BF0000F1B5000855B6000859B60008B1B60008EA
:10BF100089B6000841B700088DB7000875B700085A
:10BF2000C1B80008F9B80008E1B800080DBA000867
:10BF300059BA000841BA000891BB0008E1BB0008EB
:10BF4000C9BB0008D1BD0008D3BD0008FDBD000875
:10BF500038B50E4D00232B7002F041FE08B902F0F7
:10BF60007DFE262003F06AFB0446272003F066FBD3
:10BF7000072C2A78014634BF20460420131A5A425F
:10BF80005A41BDE83840FFF75FBF00BFDD17002012
:10BF900008B5012232210420FFF756FFBDE8084012
:10BFA000FFF72EBF08B54278052A034604D0062ABB
:10BFB0000CD0FF22027008E000228270C2700B4A8F
:10BFC000127802710A4A1278427108BD80780628F8
:10BFD00008D80022D9789A70FFF736FFBDE80840EC
:10BFE000FFF70EBF01229A70EFE700BFDD170020B8
:10BFF000DC17002038B54378032B044604D0042B0B
:10C000000DD0FF23037007E0094D012225212846AA
:10C0100003F0A4FB2B78E3700023A37038BD044821
:10C02000A37803700122252103F050FBF4E700BF41
:10C03000DE17002008B53C22002105480CF00AFA62
:10C04000BDE8084002483C22282103F03FBB00BF66
:10C050000154002008B506483C22282103F07EFB4D
:10C06000BDE808400348142200210CF0F3B900BFDA
:10C07000015400203D5400202DE9F84F524DDFF8C7
:10C080004CE1844600242E464FF001092A78E2B1A3
:10C0900095F801A0A878E24501D0844515D1ACEB14
:10C0A000000391F805805F425F411EF80430B8F14B
:10C0B000000F49D009FA07F873B908F0030868F3CC
:10C0C000830368F301030EF804300134142C05F1E6
:10C0D0000305DBD1012068E003F0030B1BEA080F26
:10C0E000F3D143F00303013A0EF80430042A5BD87D
:10C0F000DFE802F003031016200004EB440434448C
:10C1000084450CBF2346631C3C44587801F087FDEE
:10C1100060780CE004EB440401F081FD3444F7E75F
:10C1200004EB44043444504601F079FDA07801F05A
:10C13000DBFC39E004EB44043444844518BF01348B
:10C14000607801F06CFD2FE003F0030ABAF1030FF1
:10C1500037D1BCEB000818BF4FF00108012101FAEC
:10C1600008F101F0030161F3830361F30103042A81
:10C170000EF8043016D8012A4FEA440517D02B19BF
:10C1800033441F44787807F091FA10B1787801F0C1
:10C1900046FD254435444544687807F087FA18B9C8
:10C1A0006878C4E7052A07D00020BDE8F88F254449
:10C1B00035443D446878C4E704EB440434444444C3
:10C1C000A6E70EF8048080E7015400203D540020CB
:10C1D00038B54378073B0446032B42D8DFE803F029
:10C1E00002091A3B1423C370012383F00103A370D7
:10C1F00038BDC278092A37D881788B18142B33DCE4
:10C200001A4B01EB410102EB4202194403300CF0DE
:10C2100070F9E9E7C278092A26D880788318142BA8
:10C2200022DC21460025EBB2934207D30F4B00EBF3
:10C23000400002EB4202211D1844E8E70B79052B70
:10C2400012D82BB14B79002BCFD08B79002BCCD0CF
:10C2500001350331E7E705483C22282103F036FA8F
:10C26000C2E7FF230370BFE70023BEE701540020AD
:10C270002F4B70B518460024FF25042264211C7042
:10C280009C70DD705D7003F021FA2A4B0122184684
:10C2900068211C7003F01AFA274B01221846692105
:10C2A0001C7003F013FA254925484FF4A2720CF0D4
:10C2B00020F923484FF4A2726A2103F007FA2149BA
:10C2C00021486C220CF015F91F486C224FF4D771ED
:10C2D00003F0FCF921464F221C480CF0BBF81B4A26
:10C2E0007F210523561E02F8013C557091700220F3
:10C2F0006FF077023271132386F8280086F82C201D
:10C3000086F82B103046502240F21A21737186F8BD
:10C310002D30B471F47186F82A5086F82E4086F8D4
:10C320002F4003F0D3F9BDE8704000F041BD00BFDD
:10C3300051540020A119002055540020540D002014
:10C34000DF170020E80C002030190020575400208F
:10C3500010B54FF4A2721C4C1C491D480CF0C9F8D2
:10C3600040F249210F2003F0E7F92046042264211E
:10C3700003F0F4F917480122682103F0EFF994F96A
:10C3800003301548002BA8BF80234FF001024FF067
:10C390006901A8BFE37003F0E1F90D484FF4A27200
:10C3A0006A2103F0DBF90D486C224FF4D77103F0DA
:10C3B000D5F90B48502240F21A2103F0CFF9BDE81D
:10C3C000104000F0F5BC00BF51540020540D002077
:10C3D000DF170020A119002055540020301900203B
:10C3E0005654002002480122682103F06FB900BFB3
:10C3F000A119002070B545781C2D1DD80678731939
:10C400006C2B19DC421C0023D9B28D420ED8841C3F
:10C410000A482A46214630440CF06BF808482A4660
:10C42000214630440CF065F8012070BD12F8011F60
:10C43000012903F10103E7D90020F6E730190020B4
:10C44000E854002070B58278032A1FD80378022BA5
:10C450001CD84578A918052918DC0021461FCCB244
:10C46000A2420ED8044603EB830314482B4400EB8E
:10C47000C30004EBC205AC420AD100F099FC0120D4
:10C4800070BD013116F83140172CE8D90020F7E7CC
:10C490000646E37806F8083B237906F8073C6379FB
:10C4A00006F8063CA37906F8053C0422E11D104479
:10C4B0000CF01FF808343046DDE700BF565400206A
:10C4C0002DE9F0434B78013BA3B00C460E2B00F254
:10C4D0000181DFE813F00F0014003700430054001F
:10C4E00057007C007F008500A000BB00BF00CC008F
:10C4F000D000FB000123CB70002323711BE07848A0
:10C500000422642103F0E2F876480122692103F055
:10C51000DDF875484FF4A2726A2103F0D7F873482A
:10C520006C224FF4D77103F0D1F87148502240F2D9
:10C530001A2103F0CBF8012080F00100A07023B095
:10C54000BDE8F0830123CB70654B1A780A715A78E5
:10C550004A719A78DB788A71CB71ECE7604B8A7804
:10C560001A70CA785A700A799A704A79802A38BF44
:10C570008022DA7007F026F8FEF72AFCDBE76C234E
:10C58000E370D8E78F78062F4FF0000500F2A58002
:10C590000322114401A801950BF0ABFFA61C4FF03C
:10C5A000FF084FF00109019A8DF8088009FA05F398
:10C5B000134204D002AAE9B2384603F0E3FF013582
:10C5C0009DF8083006F8013F142DECD1B3E7454B38
:10C5D0001B78D5E78B78042B7FD8424A1370AAE7E3
:10C5E000C878092879D88B783F4A03EB4303134472
:10C5F000CA1C0021CDB285429DD213F8035B02F81C
:10C60000035B13F8025C02F8025C13F8015C02F8A9
:10C61000015C0131EEE7C87809285ED88B780A1DE5
:10C62000314903EB43030B440021CDB2A84282D928
:10C6300012F8035B03F8035B12F8025C03F8025C78
:10C6400012F8015C03F8015C0131EEE70223CB70C4
:10C65000052352E7CA781D2A3FD88B7899186C2990
:10C660003BDC2249E01C19440BF043FF63E7881CC4
:10C67000FFF7C0FE60E70A79032A2ED88B78022BD9
:10C680002BD8C9788818052827DC03EB83030B44D3
:10C690001749254601EBC30104EBC207BD423FF435
:10C6A0004AAF0E46042216F8083BEB7016F8073C1A
:10C6B0002B7116F8063C6B7116F8053CAB711144F2
:10C6C000E81D0BF016FF08353146E7E7881CFFF739
:10C6D000B9FE31E7FF230B702DE700202CE700BFE8
:10C6E0005154002055540020DF170020301900203D
:10C6F0005654002013B5FDF7AFFC012803D1164BAB
:10C700001B78052B26D0154CA2786378E07843EA95
:10C71000022343EA004003F0C7FBC0F307238DF870
:10C720000400C0F307408DF805308DF8060006F0D0
:10C7300049FFC2070ED52378DB070BD49DF80630DE
:10C740009DF805209DF80410252002B0BDE810409A
:10C7500003F034BF02B010BDAC560020515400208D
:10C7600008B5FFF7C7FFFDF7FDFABDE8084004F084
:10C770002BB8000038B504460D4604F0A9FF182870
:10C7800003D16D7935B9012038BD04F0A1FF172818
:10C79000F9D1F6E7A4F5F04023380728F3D8DFE80D
:10C7A00000F0070707072742041904F05FFF08B9E4
:10C7B0000020E9E704F08CFF1728F9D1244B197900
:10C7C0001031FF2928BFFF21C9B219711B2002F0C7
:10C7D0005DFFEDE704F04AFF0028E9D004F078FFA0
:10C7E0001728E5D11A4B1979103921EAE171EBE7E5
:10C7F000174A1378990702D105F063F8D8E7D37880
:10C800001033FF2B28BFFF23DBB21946002030294D
:10C8100005D9002818BF0B46D3701A20D7E710316E
:10C82000C9B22846F3E70A4C23789A07C0D0E178CA
:10C830003029E1D91039C9B21A20E17002F026FF7F
:10C8400023789B07B4D0E378302BB1D8D4E700BF6E
:10C85000E054002084B003EB8302BDF81030019057
:10C8600013449BB2FF2B28BFFF23C0F30740DB43D9
:10C8700050FA83F3FF2B28BFFF238DF80630019B6E
:10C880000020DAB262F30700C3F3072262F30F203D
:10C89000C3F3074363F3174004B0704784B0C0F399
:10C8A0000741BDF810200190D31A9BB2FF2B28BF7F
:10C8B000FF23DBB283F0FF021144FF29034428BFAA
:10C8C000FF218DF804308DF80610019B0020DAB2AC
:10C8D00062F30700C3F3072262F30F20C3F3074399
:10C8E00063F3174004B070472DE9F041064686B067
:10C8F0000078164FDFF8588003F071FFC0F307256A
:10C90000C4B2E3B29D4206D86B2D8CBF002001203B
:10C9100006B0BDE8F08104EB44010322394404A8C9
:10C920000BF0E7FD98F803308DF81230049803F00F
:10C93000BBFAC0F307430093C2B2C0F307232146FA
:10C94000F07803F053FE0134DBE700BFDF1700206F
:10C95000E05400202DE9F047DFF8009186B007464B
:10C96000007803F03CFF394B99F804201B88ADF8A0
:10C970000C00D20802FB03334FEA232AC3F3072338
:10C98000C3F38015DE436D4203F00F0206F00F067D
:10C990005D4013F0400F06F10106C0F3072808BF01
:10C9A0001646C4B2C5F30115E3B2984507D8B8F1ED
:10C9B0006B0F8CBF0020012006B0BDE8F087244B30
:10C9C00004EB44011944032204A80BF092FD214B0F
:10C9D00003EB450213F81530527812FB06F203EB15
:10C9E0002213DBB25A42D2B21AF0800F18BF13469C
:10C9F0005A4213F0800FD2B218BF13465B0099F869
:10CA00000320DBB202FB03331B128DF812300498B3
:10CA100003F04AFA104A8DF81400C0F30723125DA0
:10CA20008DF815307B78C0F307401A428DF8160058
:10CA300009D0C3B200939DF814209DF81530F87802
:10CA4000214603F0D3FD0134AEE700BF545500206A
:10CA5000DF170020A9930108E80F0020E054002010
:10CA60002DE9F04F3A4EDFF8F0A0DFF8F09087B0F4
:10CA70000746007803F0B3FE3379ADF80C000133BC
:10CA8000FF2BC0F30728C4B228BFFF234FF6FF7562
:10CA9000B5FBF3F5E0B2804507D8B8F16B0F8CBF5A
:10CAA0000020012007B0BDE8F08F7B781AF8042041
:10CAB0001A423AD099F80020DFF8A4C0013A52B2E5
:10CAC000130634D52B4632790132FF2A28BFFF22C4
:10CAD00002FB03334FEA232B1E4B04EB44011944A2
:10CAE000032204A80BF005FD5B46FF2BA8BFFF2324
:10CAF000F278DB43DBB202FB03331B128DF81230FA
:10CB0000049803F0D1F9C0F307428DF81620D2B291
:10CB1000C0F3072300928DF814008DF81530C2B2CF
:10CB2000DBB2F878214603F061FD0134B2E71CF86E
:10CB30000230834209D102F10C0109EB41014B782B
:10CB4000897843EA0123AB42BDD3013AB8E700BF7D
:10CB5000E0540020DF170020E80F00205855002087
:10CB6000695500202DE9F04F8DB089460490087872
:10CB7000079203F034FEC0F3072303935D4BADF837
:10CB800024001B780593C5B25B4B05EB45061E449C
:10CB90005A4B03EB450703F5A8730693039AEBB2D0
:10CBA0009A4206D86B2A8CBF002001200DB0BDE848
:10CBB000F08F069A99F80130525D1A4232D05049EE
:10CBC00003220AA80BF095FCDDF81080494B0024E5
:10CBD00003EB080A059A5FFA88F39A4226D833785D
:10CBE0008DF8283073788DF82930464BDB7803FBBD
:10CBF000044424128DF82A400A9803F055F9C0F332
:10CC000007428DF82E20D2B2C0F3072300928DF890
:10CC10002C008DF82D30C2B2DBB299F80300294602
:10CC200003F0E4FC033601350237B7E71AF8013F99
:10CC300097F8781097F87920C91A9AF80830D21A1C
:10CC400002FB02FC01FB01CC1FFA8CFCBCF1010FC2
:10CC50002ED85FFA8CF32B4890F804C0254808F1D1
:10CC60000C0E00EB4E0E0CF1010C9EF801009EF82C
:10CC700002E08DF82A40BCF1FF0F28BF4FF0FF0CF7
:10CC800040EA0E200CFB0000C0F30F20079C009030
:10CC90000A98A047C0F307238DF82800C0F3074087
:10CCA0008DF829308DF82A00C4B208F1010891E707
:10CCB000BCF5F75F9DBF4FEA5C1E0EF1080E5FFAF0
:10CCC0008EFE4FF0FF0E012000EB0E035B1003FB06
:10CCD00003FB1FFA8BFBE34507D9013B5FFA83FE99
:10CCE0007045F1D90138C3B2B5E7FF2BB3D001339A
:10CCF000D8B2F5E758550020DF170020980E002025
:10CD0000E1540020E05400200146024A0020FFF7D1
:10CD100029BF00BF55C80008044B054A1B78013BDA
:10CD200023EAE3730146D8B2FFF71CBF5855002031
:10CD30009DC80008094B1B78013B032B0BD8DFE88B
:10CD400003F002040608FFF705BEFFF789BEFFF7F0
:10CD5000DBBFFFF7E1BFFFF7C7BD00BF55540020A1
:10CD6000F8B50F4C0F4F104D104E002323703B7041
:10CD700006F0BCFE2B783060102B02BF237843F006
:10CD80000103237000237B7006F0B0FE95F8283075
:10CD90007060102B02BF237843F002032370F8BDAC
:10CDA000231900202C19002056540020241900209B
:10CDB000124A002330B4124C13701846194614F866
:10CDC0003350A5B90133052BF9D100B111700023FF
:10CDD0000C4C53701846194614F8335055B90133AA
:10CDE000052BF9D100B1517030BCFFF7B9BF01314B
:10CDF0000120E7E701310120F1E700BF2E190020F3
:10CE0000565400207E5400202DE9F04F8378DFF83F
:10CE1000F88287B005465BB1B649B7486C220BF083
:10CE200068FB002388F8003088F80130FFF798FF8E
:10CE3000DFF8D8920123DBB2EB70029304F090FC90
:10CE4000EC788DF81400C0F3072318F804A08DF8CF
:10CE5000153004EB84035344012219F83330019355
:10CE6000A64B01991B78A24010290CBF1343934392
:10CE7000A24A1370A24B1B5DC0F30740012B8DF833
:10CE80001600C6B240F2AF809E4F04EB840B57F8F9
:10CE9000240006F0D8FD0BEB0A0309EBC303597914
:10CEA0001A7942EA0122997942EA0142D97942EAA1
:10CEB0000162904223D906F019FE18F804A047F841
:10CEC00024000AF1010A5FFA8AFABAF1050F28BFB5
:10CED0004FF0000A0BEB0A0308F804A009EBC303A8
:10CEE00059791A7942EA01229979DB7942EA0142B9
:10CEF00052EA036200F00C813246002721E057F825
:10CF00002400039306F09FFD039B5A7993F804B025
:10CF10004BEA022B9A79DB794BEA024B4BEA036B23
:10CF2000ABF57A739842E7D957F8240006F08BFDE9
:10CF3000ABEB000272434FF47A730127B2FBF3F2BA
:10CF4000D2B2DFF8C0B103925BF8240006F07BFD9B
:10CF5000B0F57A7F039A0BD25BF8240006F073FDDC
:10CF6000012700FB06F24FF47A73B2FBF3F2D2B260
:10CF700004EB8403534419F8333023B918F8041030
:10CF8000013108F8041018F804100393042984BF31
:10CF9000002108F8041004EB8404544409EBC40491
:10CFA00094F802B094F801A05946504604F0D4FB1E
:10CFB000E07804F0E7FC039B019AD21A18BF012223
:10CFC000013BAA70172B00F29280DFE803F02134B6
:10CFD000383C4044484C5054585C6064686C7074F1
:10CFE000787C8084888C0BD1019B4BB92822019BD3
:10CFF00002FB049212F833702FB108F804309A46FD
:10D0000032460027B4E70133052BF3D13246AFE7B0
:10D01000284603F03BFF044627B1324659465046A6
:10D0200004F09AFB029A0023002A7FF404AF204602
:10D0300007B0BDE8F08F284603F03AFDEBE728463D
:10D0400003F05AFCE7E7284603F038FDE3E72846FB
:10D0500003F03AFDDFE7284603F03CFDDBE7284616
:10D0600003F03EFDD7E7284603F04CFCD3E7284603
:10D0700003F0BAFCCFE7284603F0BCFCCBE7284618
:10D0800003F046FCC7E7284603F09EFDC3E72846A9
:10D0900003F0A0FDBFE7284603F038FFBBE72846B2
:10D0A00003F088FFB7E7284604F018F8B3E72846EE
:10D0B00004F0C6F8AFE7284603F010FEABE72846B9
:10D0C00003F0B8FEA7E7284603F0BCFEA3E7284616
:10D0D00003F0C0FE9FE7284603F0CAFE9BE7284600
:10D0E00003F024FA97E7284603F022FA93E7002496
:10D0F00092E700BF30190020E854002023190020D7
:10D100002E190020241900202C190020565400202C
:10D11000012487E752B1064B1B7803F0FC03602B18
:10D1200004D1044B1B780BB103F090B9704700BFDA
:10D13000E05400202319002047F62303984210B53D
:10D14000044627D010D8A0F5A443203B0F2B16D9B6
:10D150001D4B1B78002B34D0A4F5F044203C0A2C46
:10D1600094BF0020012010BD47F624039842EFD160
:10D17000164A4979137809B343F0040310E0134ABF
:10D180004979137819B143F001031370E0E723F0F4
:10D190000103FAE70D4A4979137849B143F00203D4
:10D1A000072B1370D4D106F0A1FC094B1860CFE710
:10D1B00023F002031370064B1960C9E723F0040340
:10D1C000F8E70120CFE700BFA1190020A019002037
:10D1D0009C1900202DE9F0411C248CB000252C4422
:10D1E0001D2200210DF112000BF034F96B2CC6BF8B
:10D1F000C5F16B04E4B21C248DF81050254404A83A
:10D20000EDB28DF81140FFF7F5F86A2DE7D918490E
:10D21000184F052202A80BF06CF9002402AD264637
:10D220004FF0010815F8013B8DF811408DF81330CF
:10D2300004A8272301348DF810608DF8128005971B
:10D24000ADF818308DF81A60FFF7FCF8052CE9D11D
:10D2500004F086FAFF221146C0B204F07DFA7F2066
:10D2600004F090FB182004F02FFA0CB0BDE8F08118
:10D27000B991010800FF7F1070B51A4E1A4C306842
:10D2800060B306F0E0FB41F28833984226D9174B91
:10D29000257819780022072932601FD195421A702B
:10D2A0000CBF01231346237005D1FCF7D5FE0128DE
:10D2B00006D0257070BD0E480822172102F04EFAE4
:10D2C000FFF790F823783BB104F002FA1828F1D068
:10D2D000BDE87040FFF77EBFFFF73AF82378002BD8
:10D2E000E8D0F1E79C190020A1190020A019002026
:10D2F000E0540020F8B50C46054615220021601DBB
:10D300000BF0A8F8FF2323706370AB23A370CD2329
:10D31000E37022232371AE7806F00F06A671EB7836
:10D3200003F0070343F01803E3716B796372AB7981
:10D33000E3756B781BB12B78642B28BF6423637172
:10D340002F690422002104F10F000BF083F8FFB1D4
:10D350003B78EBB17B1E04F10E01033713F8012F6C
:10D360001AB19F4201F8012FF8D16B7AE374AB7ABE
:10D370002375EB7A63752B7BA375EB7923762B7A78
:10D3800063762B79052B28BF052323721A20F8BD5D
:10D39000092E4FF04C03E37385BF26363123303618
:10D3A00023748CBF66742674DFE708B5FCF754FE5F
:10D3B000022804D1FBF7AEFA00F0070008BD0020F8
:10D3C000FCE7000030B58DB01422002168460BF058
:10D3D00041F8494B1878494B1B781843C0B200F00C
:10D3E00003FB00F00F008DF8020001F081FA8DF8C8
:10D3F0000600FCF731FE0546FCF70AFF8400E4B2A4
:10D4000044F00803012D08BF1C46FCF701FF38B1AA
:10D410003B4B1A6944F0020312F4005F08BF1C463C
:10D4200015F0060F09D0FBF76FFA032805D1022D7E
:10D4300014BF44F0100444F0300404F095FE20437F
:10D440008DF80500FCF708FE10F0060004D0FBF78D
:10D450005BFAC31E5842584100248DF804008DF831
:10D460000840FFF7A2FF8DF80300FDF753F864288A
:10D470008DF800008CBF002001208DF8010005F020
:10D48000DDFF204B8DF80700D3F8103A8DF80930F6
:10D490001A0A8DF80A2005A91A0C68461B0E8DF889
:10D4A0000B208DF80C300494FFF724FF164A174820
:10D4B0001368013305A913601A220BF01AF8144BF4
:10D4C00001221A7006F07EF800F00102C0F340035A
:10D4D00043EA420310F0040F43F004024FF01A0134
:10D4E00008BF1A46094800F0A3F806F0FFFA094BF6
:10D4F00018600DB030BD00BF121A0020131A0020B2
:10D50000000402400070FF1FCC190020AD1900205C
:10D51000AC190020A819002008B5074B00221A609A
:10D52000064B05221A7006F0E1FA054B1860BDE8BB
:10D53000084000F07BB800BFA8190020A219002005
:10D54000A41900202DE9F04706F0D0FA2E4BDFF8A1
:10D55000D4802E4DDFF8D0902D4F044618782D4BF7
:10D560001B781843C0B200F03FFA98F8003000F082
:10D570000F06B3421AD095F800A088F8006001F0B9
:10D58000B7F989F80000FFF710FF3870BAF1000F03
:10D5900020D005232B70204B1C60FFF713FF2B7846
:10D5A000013B2B701C4B0F341C6011E001F0A0F903
:10D5B00099F800308342DED1FFF7F7FE3B788342D3
:10D5C000D9D12B785BB1144B1B68E31A002BE4DA3A
:10D5D000BDE8F087114A136801331360D9E701F001
:10D5E00059FB47F2305441F28733984298BF4FF4C9
:10D5F0007A740B4B186806F026FAA042E8D3BDE80F
:10D60000F047FFF7DFBE00BF121A0020A21900206A
:10D61000D70C0020131A0020A4190020C8190020DC
:10D62000A8190020D90C0020D80C00207047000059
:10D6300070B51A2988B006460C46154605D0154A1D
:10D6400013680133136008B070BD202200216846C2
:10D650000AF000FF4FF4D773224631460DF1030064
:10D66000ADF800308DF802400AF043FF8DF81D50F0
:10D67000FCF7CEFD60B9FCF7EFFC10F0060F14BF0D
:10D680000120002020226946FDF7E6FB024AD7E789
:10D690000020F7E7D0190020D419002038B504463F
:10D6A0000D4628B981420CBF0420012000F095FDF1
:10D6B00029462046FDF77EFE012038BD08B5FDF75E
:10D6C00005FB01F006FB06F011FA034B1860BDE8FC
:10D6D0000840FFF721BF00BFD819002038B52B4DF7
:10D6E000286868B306F0AFF940F6B8339842284C82
:10D6F0002AD900232B6005F065FF83075CBF4FF438
:10D700000073638320236383FCF7A6FC04280FD0F7
:10D7100020490022012451F8043B013223F00F007C
:10D72000D2B203F00F0304FA03F3032A0383F2D106
:10D73000FCF792FC042803D1174B4FF480421A8364
:10D74000BDE83840FFF7FEBE4FF40073238320236B
:10D750002383FCF781FC04280FD00E49002201240A
:10D7600051F8043B013223F00F00D2B203F00F0353
:10D7700004FA03F3032A0383F2D1FCF76DFC0428B7
:10D7800002BF054B4FF480425A83D9E7D8190020D5
:10D7900000080240DC0C00200004024008B5054BE4
:10D7A0001B682BB9FDF7AAFE80F00100C0B208BDCE
:10D7B0000020FCE7D819002003280DD805290BD834
:10D7C000132A09D878235843142303FB010010447B
:10D7D000024B33F810007047012070476295010832
:10D7E000012070470120704708B5FFF7FBFF08BD17
:10D7F00001207047012070477047704708B5FFF758
:10D80000FCFF08BD012070477047704713B5104BEF
:10D810001B78CDE90001B3B99DF8053073B16AB149
:10D8200000F0A8FD04460146009800F073FD009941
:10D83000204602B0BDE8104001F058BC009800F04E
:10D8400081FD0446F3E7009800F094FD0099F0E7AD
:10D85000E419002010B4034600885C880A4640EAB8
:10D860000440998810BCFFF7D1BF10B501210446D0
:10D87000FFF7F0FF2146FFF7B3FF30B1012120464B
:10D88000FFF7E8FF2146FFF7AFFF10BD38B50021D5
:10D890000446FFF7DFFF21460546FFF7ADFF2146AF
:10D8A0002846FFF7ABFF38BD38B501210446FFF726
:10D8B000D1FF637905460BB105F0E0FD214628460E
:10D8C000FFF796FFE0B321462846FDF7E7F9B8B326
:10D8D0002146284605F007FC90B32146284604F06F
:10D8E000C3FB68B32146284605F01CFB40B3214624
:10D8F000284604F027FE18B32146284604F0FCFD14
:10D90000F0B12146284602F0D3F9C8B12146284695
:10D9100002F016FAA0B12146284605F04FFB78B177
:10D920002146284601F0E6FC50B12146284601F088
:10D93000F1FC28B121462846BDE8384001F007BD7A
:10D94000002038BD012303FA00F0C0B200F045BC4E
:10D9500010B504460120A040C0B201F04DF92046A8
:10D96000BDE81040FFF7EEBF0120704708B5FFF794
:10D97000FBFF08BD10B5044600F0E1FB2046FFF7B1
:10D9800041FF2046FFF7F2FFBDE8104046F2A81025
:10D9900007F09BBB08B50120FFF7ECFFBDE808408E
:10D9A00006F00CB908B50020FFF7E4FFBDE8084019
:10D9B00006F009B908B5FFF727FFFDF7A7FD04F04A
:10D9C00059F800F03FF8BDE80840012004F0E2B843
:10D9D00008B500F03CF8002004F0DCF8FFF715FF74
:10D9E000BDE80840FDF799BD020906BF134602468F
:10D9F000042391081CBF02330A4603EB5200C0B255
:10DA00007047012070470000044B10F0020F4FF4E4
:10DA1000007214BF1A835A83704700BF0008024087
:10DA200008B5012204484FF4007108F0E1FF024AF2
:10DA30004FF40073538308BD0008024008B5FDF79A
:10DA4000C7F908BD08B50020FFF7F8FF08BD08B505
:10DA500005F0AEFDFFF7F2FF08BD000010B505F0C0
:10DA6000A7FD074B1A788242044607D0187006F0CB
:10DA70003DF8044B18602046FFF7E0FF10BD00BFE3
:10DA8000DC190020E01900201FB5CDE900019DF848
:10DA900005300BB100F092FFDDE900010023ADF885
:10DAA0000C10C9B2ADF80E30029029B9DDE90201BF
:10DAB00000F08AFE04B010BD02A8FFF7D6FE0028D1
:10DAC000F4D1F7E70379012B02D1008800F074BC90
:10DAD000704708B529B104F0C5FEBDE8084004F060
:10DAE0009FBF04F011FFF8E710B50446002800F0CE
:10DAF0009580031FDBB2A02B0ED805F0D7FD20B117
:10DB0000204605F0A1FE00F0E5FF204605F080FE6E
:10DB1000BDE8104000F0DEBF00F12003DBB2072BB0
:10DB200007D800F007040120A040C0B200F0E6FED4
:10DB3000EEE700F15B03DBB2022B05D82438BDE829
:10DB4000104080B205F064BD00F15803DBB21A2B1F
:10DB50005AD8A0F1A904192C0ED8DFE804F053120A
:10DB600014161C20221E25282B34373A3D40434AE8
:10DB7000181A46482E314D50E220BDE8104005F0FD
:10DB800063BDEA20F9E7B520F7E7B620F5E7B32053
:10DB9000F3E7B420F1E7B720EFE7CC20EDE7CD20A5
:10DBA000EBE740F28310E8E74FF4C570E5E74FF488
:10DBB000C970E2E74FF4CA70DFE740F29F10DCE77C
:10DBC00040F2CB10D9E740F22120D6E740F22320E3
:10DBD000D3E74FF40970D0E740F22520CDE740F2BB
:10DBE0002620CAE740F22720C7E76F20C5E770204C
:10DBF000C3E740F22A20C0E740F29F20BDE74FF480
:10DC00002870BAE7E920B8E73334E4B2122C05D81B
:10DC100004F028FEBDE8104004F002BF10BD08B5B6
:10DC20000346A0B3021FD2B2A02A05D805F00CFE0D
:10DC3000BDE8084000F04EBF00F12002D2B2072A32
:10DC400007D800F0070301209840C0B200F06AFE38
:10DC5000EEE700F15B02D2B2022A04D8BDE8084028
:10DC6000002005F0D5BC00F15802D2B21A2A04D81F
:10DC7000BDE80840002005F0E7BC3333DBB2122BCF
:10DC800005D804F041FEBDE8084004F0C9BE08BD57
:10DC900038B50C460546FFF727FFFAF71FFEACB173
:10DCA0000B4940F2E7304FF0000CE4FB010C4FF45D
:10DCB0007A7200236146FAF74FFA07F006FA28460F
:10DCC000FFF7ADFFBDE83840FAF708BE0120F4E7E2
:10DCD000A086010008B539280CBF50210021FFF7AC
:10DCE000D7FF08BD08B528B100F008FEBDE8084020
:10DCF00000F0F0BE08BD08B528B100F013FEBDE885
:10DD0000084000F0E7BE08BD2DE9F8438779457962
:10DD100081460C4600F0C4FDC7F30317064608B35E
:10DD20002E46FDB1C4F3072303F0F002402A0CD0C5
:10DD3000E1B201F12002D2B2072A25D903F0E003B3
:10DD4000202B02D101291FD907B39D4B5E7816F015
:10DD5000040607D0022000F0F9FE00F0A1FD80F0DB
:10DD60000106F6B2C4F303330B2B3ED8DFE813F001
:10DD70001000100055005500B000C7003D003D00E8
:10DD8000CC002A013C013C010026EBE73E46E9E7D6
:10DD9000C4F30327C4F307223B010F2A88BF1F46A1
:10DDA000E4B285B157B104F12003DBB2072B38464A
:10DDB00000D92CB900F0A2FD00F08CFE20464DE009
:10DDC00000F0D4FDF8E72046FFF729FF6FB104F11A
:10DDD0002003DBB2072B384600D914B900F0A2FDAE
:10DDE00001E000F0D7FD00F075FE002E00F052813A
:10DDF00000F04EFD10F0010040F04C8189F8050064
:10DE000000F040FD00F01EFA484600F059F900F01D
:10DE100039FDBDE8F84300F021BAC4F30328C4F388
:10DE2000072303F0F0034FEA0812E4B2202B18BFD7
:10DE300090462CB1012C34D0002D3CD0DFB1BDE791
:10DE40005F4B5B78590714D45DB1B8F1000F04D073
:10DE5000404600F053FD00F03DFE0020FFF744FE79
:10DE6000C3E72846FFF7DBFEB8F1000FBDD0404600
:10DE7000B4E755B11FB94046FFF734FFB5E7012FAE
:10DE8000B3D1404600F0CAFDAFE7002FADD1404608
:10DE9000FFF731FF404600F0CFFD404600F0AAFDFD
:10DEA000A3E715B1052FA0D8E5E7042F9DD840467C
:10DEB000FFF721FF99E7002FF9D0392C0CBF4FF461
:10DEC000FA50012007F001F92046FFF7A8FE8CE781
:10DED00014F4406FC4F3812307D0012B85D165B1C1
:10DEE000C4F3090005F0B0FB7FE725B1C4F30900D6
:10DEF00005F08EFB79E72846FAE72846F2E729463F
:10DF0000E0B2FFF7E6FD70E714F4407F2AD1D5B9FF
:10DF1000C4F342129200D2B20F239340DB4314F0B9
:10DF2000100004F00F01DBB218BF18469140C4F393
:10DF300081240843022CC0B20ED0032C0FD0012C38
:10DF400007D000F055F905F033FBBDE8F843FFF7C3
:10DF500075BD00F045F9F6E700F052F9F3E700F07F
:10DF60003CF9F0E7C4F30122EDB1D207EBD5C4F3DD
:10DF700042129200D2B20F239340DB4314F0100000
:10DF800004F00F01DBB218BF18469140C4F381249E
:10DF90000843022CC0B20CD0032C0DD0012C05D0AC
:10DFA00000F07AF9CFE7012ACDD9E0E700F06CF96B
:10DFB000C9E700F079F9C6E700F030F9C3E700BF20
:10DFC000A8540020E6B2C4F3032435B1204600F083
:10DFD00039F93046FFF786FEB5E73046FFF78BFE8E
:10DFE000204600F03BF9AEE7E6B2A6F1F003042BC1
:10DFF00038D8DFE803F003210D141D0035B1042FDC
:10E00000A1D8C4F3042000F033F99CE7052FF7E70B
:10E01000C4F30420002DE4D100F014F993E725B1F6
:10E02000C4F3042000F007F98DE700F001F98AE756
:10E03000194B5B785B0704D4C4F30420002DD0D0C7
:10E04000EAE72DB10321C4F3042000F05DFD7AE777
:10E05000012000F07BFD012F7FF675AF022000F05C
:10E0600075FD70E73DB11FB13046FFF73DFD6AE732
:10E07000C4F30420D0E757B1392E0CBF4FF4FA5047
:10E08000012007F022F83046FFF7C9FD5BE7C4F333
:10E090000420A6E7BDE8F883A854002038B501881D
:10E0A0000446407900F094F9054600F005F900F0C7
:10E0B00093F829462046BDE83840FFF725BE00000A
:10E0C000037910B50446B3B1FFF7EEFB68B900F071
:10E0D000E7FB80B1637973B1074B5B785B070AD5C7
:10E0E000BDE81040022000F031BD2046FFF7D6FF0A
:10E0F0002046FFF7CBFB10BDA854002008B528B17F
:10E1000000F048FCBDE8084000F0E4BC08BD08B5DC
:10E11000002005F07DFA002005F096FA00F04EFC94
:10E1200000F0D8FC04F09AFCBDE8084004F078BC8C
:10E1300008B505F0A7FBBDE80840FFF7E8BF08B544
:10E1400000F004FCBDE80840FFF7F2BFC0F3033362
:10E15000062BC2B213D094BF0E33063303F00F0365
:10E16000012B13D8F02A13D004D8E72A8CBF002043
:10E1700001207047A2F1F403584258417047F12A38
:10E1800018BFE72A94BF0120002070470020704785
:10E190000120704708B5037933B1008800F00CF90D
:10E1A000BDE80840FFF7D2BF184608BD82B0CDE9F0
:10E1B000000102B0704782B0CDE9000102B07047A3
:10E1C0007047704708B5FFF7FCFFFDF7E5F9014B15
:10E1D000187008BD131A00207047FFF7F3BF000046
:10E1E000024B1B781843FFF7EDBF00BF131A002046
:10E1F000024B1B781840FFF7E5BF00BF131A002041
:10E20000024B1B785840FFF7DDBF00BF131A0020F8
:10E21000704708B5FFF7FCFF08BD704708B5FFF76A
:10E22000FCFFFFF7F6FF014B187008BD121A002023
:10E230000020FFF7F3BF012303FA00F0C0B2FFF79D
:10E24000EDBF0000012303FA00F0034B1B781843D5
:10E25000C0B2FFF7E3BF00BF121A0020034A012338
:10E260008340107820EA0300FFF7D8BF121A00207D
:10E27000012303FA00F0034B1B785840C0B2FFF7AC
:10E28000CDBF00BF121A0020024B1B781843FFF7C6
:10E29000C5BF00BF121A0020024B1B781840FFF7C1
:10E2A000BDBF00BF121A0020024B1B785840FFF779
:10E2B000B5BF00BF121A0020704701F00703C9085C
:10E2C00001EB41010A4430B501259D40013A00218E
:10E2D00012F8014F20FA01F343F3000363402B408F
:10E2E00001315C4003291470F2D130BD10B500F04B
:10E2F0000704C00800EB40000022014410468B5C7C
:10E30000E34003F00103934001321843032AC0B2F3
:10E31000F5D110BDC0F3072382B0052BADF8040082
:10E3200008460BD89DF80410132907D803EB830384
:10E33000034A01EB830102B0FFF7BFBF02B0704791
:10E34000E519002082B0C0F30723052BADF80400C7
:10E350000BD89DF80400132807D803EB8303044966
:10E3600000EB830002B0FFF7C1BF002002B070478E
:10E37000E519002073B50E4BADF804001D780D4B68
:10E380001B781D43EDB2032445FA04F3DB0705D4E3
:10E39000013CF9D20026304602B070BDE6B20199C8
:10E3A000304600F0B4FE80B20128F1D0F3E700BFA0
:10E3B000121A0020131A002007B5ADF804000198C6
:10E3C000FFF7D8FF019903B05DF804EB00F09FBEA2
:10E3D00013B5104BADF804101B782BB1019802B0A7
:10E3E000BDE81040FFF7E8BF70B10198FFF7C2FF2A
:10E3F000044601460198FFF78DFF0199204602B0BF
:10E40000BDE8104000F083BE0198FFF79BFF044673
:10E41000F3E700BFE419002010B5012404FA02F26A
:10E4200004FA01F11143CAB20140914204FA03F423
:10E4300006BF2043C0B2A04310BD000008B513467C
:10E440000A46014603480078FFF7E6FFBDE80840AA
:10E45000FFF7E4BE121A0020F8B50C4B0C4E1C78E6
:10E460000C4D3378A34200D1F8BD05EBC40335F859
:10E4700034005F889A88D98840EA074042EA01411F
:10E480000134FFF798FE04F00704EAE7141A0020AD
:10E49000151A0020161A002010B4064B5C88188844
:10E4A0009A88D98840EA044042EA014110BCFFF74B
:10E4B00082BE00BF561A00201C49F8B58B790F2B7D
:10E4C0000AD84B7943B11A4B1A4A1B7815784E7803
:10E4D0000F78194CAB4200D1F8BD04EBC3000279B0
:10E4E00002B34278B2421DD114F83320BA4219D196
:10E4F0004279BAB94288B1F802C0A2EB0C0292B2DA
:10E50000C72A0FD88B79012262F307138B718379A5
:10E5100062F3071383710548FFF7D2FDBDE8F840A9
:10E52000FFF79ABF013303F00703D3E7561A002021
:10E53000141A0020151A0020161A0020F0B50D4BF1
:10E540000D4C1B7826780D4CB34201D10020F0BD54
:10E5500004EBC3056F788F4206D114F833708742FD
:10E5600002D16D79954203D1013303F00703EBE744
:10E570000120ECE7141A0020151A0020161A0020BA
:10E580002DE9FF478F4C054606220146684609F0F3
:10E59000B0FF23796F792A79C3B9002A00F0D480BB
:10E5A000002F00F006812846FFF7F4FD002800F058
:10E5B000008108222946204609F09BFF2046FFF7EC
:10E5C00081FAFFF779FFFFF767FFBDE0B5F802A01A
:10E5D0006388667995F80080AAEB03039BB2002E4E
:10E5E00000F0B480C72B00F28A80002A00F0AC80D3
:10E5F000A379627869780F2B51D8914214D122788F
:10E60000424511D1002F45D1012262F30713A371B6
:10E61000FFF742FF2046FFF753FDA379AB710024BB
:10E62000204604B0BDE8F087A7BB3A464046FFF756
:10E6300085FF4046FFF782FF04460028EFD100988F
:10E64000FFF7BAFEC0F30332032AC3B208D8012A87
:10E6500010D910F4706F12D0AA790F2A0FD8DFE703
:10E66000063202F00F02012A0ED92846FFF728FDD4
:10E670003446D5E710F4706F01D0002BD0D0203392
:10E68000DBB2072BCCD9F0E7EF2BC9D90F33DBB2C4
:10E69000022BF7E7A37943F00103A371BFE791428F
:10E6A0000DD1227842450AD14FB92846AB71FFF708
:10E6B00007FD08222946204609F01BFF83E728466C
:10E6C000FFF768FD002874D0002F72D0A3791F2BAC
:10E6D0000FD92288ADF8082022798DF80C2002A8E5
:10E6E0000022ADF80AA08DF80D208DF80E30FFF74E
:10E6F000E7FC08222946334809F0FBFE61E7A379CD
:10E700000F2B0ED8DDE90001FFF750FD2046FFF783
:10E71000D7FC08220021204609F09CFEFFF7BCFE32
:10E720007DE78AB161786A789142C8D12278424502
:10E73000C5D1002FC3D12846AB71FFF7C1FC082219
:10E740003946204609F086FE012469E7C72B34D8F4
:10E75000002AF9D06FB362786B789A4220D123787F
:10E7600043451DD1A379DA0714D40F2B12D9AB710D
:10E7700003F0F003F02B06D0AB79C3F303120132A0
:10E7800062F30713AB712846FFF79AFC0D48082285
:10E79000294691E7082229460A4809F0AAFED3E74C
:10E7A0002846FFF7F7FC0028A3D1A37943F0010323
:10E7B000A3712846FFF784FCC6E7DDE90001FFF7F7
:10E7C000F5FCA6E7561A0020F0B585B0CDE90001AA
:10E7D0006846FFF7D5FE274E9DF80430264D0746C4
:10E7E00058B11BB1DDE90001FFF7E5FC234C2878A7
:10E7F0003378834224D105B0F0BDDDE90001CDE9D5
:10E800000201002BF2D033782A785C1C04F0070454
:10E8100094420BD0194808220DEB020100EBC30013
:10E8200009F067FE3470FFF717FEDFE7FFF787FC9C
:10E8300008223946124837702F7009F00BFED5E7D1
:10E8400004EBC000FFF79CFE0028D4D02B7834F8EE
:10E85000330004EBC3035F889A88D98840EA0740F5
:10E8600042EA0141FFF7A7FC2B78013303F00703CD
:10E870002B70BCE7151A0020141A0020161A00206D
:10E88000561A0020014B1878C0087047861A0020DD
:10E89000024B187800F00700704700BF861A00206E
:10E8A000034B187810F0070018BF0120704700BF15
:10E8B000861A00200B4B0C4910B51C6820222046FC
:10E8C00009F0B8FD38B108482022214609F011FEB0
:10E8D000204604F085FE054A137823F002031370E6
:10E8E00010BD00BF541000205E1A0020A654002066
:10E8F000014B1878704700BFB41A002010B50749C3
:10E900000B7830EA03021CBF054C227843EA00036F
:10E910001CBF42F0010222700B7010BDB41A00201F
:10E92000A654002010B507490B7803421CBF064CC3
:10E93000227823EA00031CBF42F0010222700B7010
:10E9400010BD00BFB41A0020A6540020054A137859
:10E9500023B105490B7843F001030B7000231370BA
:10E96000704700BFB41A0020A654002010B5074914
:10E970000B7830EA03021CBF054C227843EA0003FF
:10E980001CBF42F0010222700B7010BDB31A0020B0
:10E99000A654002010B507490B7803421CBF064C53
:10E9A000227823EA00031CBF42F0010222700B70A0
:10E9B00010BD00BFB31A0020A6540020054A1378EA
:10E9C00023B105490B7843F001030B70002313704A
:10E9D000704700BFB31A0020A6540020014B1878DE
:10E9E000704700BF881A0020704708B5FFF7FCFF8A
:10E9F00008BD000008B5054A1378034204D023EA95
:10EA000000001070FFF7F1FF08BD00BF871A00205B
:10EA1000704708B5FFF7FCFF08BD000010B5054AB8
:10EA2000137830EA030403D003431370FFF7F1FFB8
:10EA300010BD00BF881A002008B5054A13780342AC
:10EA400004D023EA00001070FFF7E3FF08BD00BF09
:10EA5000881A002008B5044B1A781AB100201870E3
:10EA6000FFF7D7FF08BD00BF881A002070B5134B11
:10EA7000134D1C78134B2E681B781C43124B1B78CC
:10EA80002BB11C4304F006FE08B1FFF7E3FF34701E
:10EA90002C680E490822204609F0CCFC38B10B48FE
:10EAA0000822214609F025FD204604F08FFD084A82
:10EAB000137823F00103137070BD00BFB41A002057
:10EAC00058100020B31A0020881A00207E1A002057
:10EAD000A654002010B5084C2378DA0701D5FFF7BB
:10EAE000C5FF04F05DFD30B123789B0703D5BDE879
:10EAF0001040FFF7DFBE10BDA6540020704708B5D8
:10EB0000FFF7FCFF08BD0000094A5278530710B513
:10EB10000AD5084C41EAC0012170FFF793FB207829
:10EB2000C008FFF7ECFF10BDBDE81040FFF78ABB3F
:10EB3000A8540020861A002008B5034B0020187046
:10EB4000FFF7DDFF08BD00BF861A002008B50A4A9E
:10EB5000137823EA0000107042070CD198420AD0C3
:10EB6000064B5B785B0706D5C008FFF777FBBDE86F
:10EB70000840FFF7E1BF08BD861A0020A854002016
:10EB8000094A08B55378C3F3800181420AD060F383
:10EB900082031046537000F033F8BDE808400220AD
:10EBA000FFF7D4BF08BD00BFA8540020034B58781E
:10EBB00080F00400C0F38000FFF7E2BFA8540020FB
:10EBC0000120FFF7DDBF0020FFF7DABF002000F0D3
:10EBD0001ABC08B5FFF7FAFF08BD00F0E4BB08B5A2
:10EBE00000F0D2FB18B1BDE8084004F027BA08BD18
:10EBF00000F0E4BB00F0EDBB00F0EEBB00F0F0BBBA
:10EC000000F0F5BB00F0F7BB00F0F9BB00F0FFBB74
:10EC100007B500F0B6FB00F0C1FB002368468DF895
:10EC2000003000F0D2FB0C4B0120187000F0D4FB38
:10EC30004FF4A05301A8ADF8043000F0D8FB01F068
:10EC400085FCFCF771FC04F029FAFFF7C2FF01F024
:10EC500071FC03B000BD00BF131A0020FFF7D8BF3E
:10EC600073B50B4C04F078FF2388834205460DD022
:10EC70000026ADF8006004F06FFFADF80460ADF859
:10EC80000200DDE90001FEF7FFFE258002B070BD45
:10EC9000B61A0020014B186804F0D5BED41A002023
:10ECA00008B504F023FF024B1860024B186008BD42
:10ECB000D41A0020D01A00207047704708B5FFF71B
:10ECC000FCFF08BD704708B5FFF7FCFFFFF7F6FF34
:10ECD00008BD7047704708B5FFF7FCFFFEF7EEFC74
:10ECE00008BD01207047000008B5054800F096FBFC
:10ECF00000F030FDFFF7E0FFBDE80840FFF7E3BF9D
:10ED0000F1F200080120704708B5FFF7FBFF08BDCE
:10ED10007047704708B5FFF7FBFFFBF7D5FFFFF71C
:10ED2000F8FF08BD08B5FFF75AFF08B9FFF796FFCF
:10ED30000848FFF75DFF0848FFF760FF03F070F930
:10ED4000FFF758FFFFF749FA044B1878BDE8084071
:10ED5000FFF75FBAD81A0020A8540020121A00202A
:10ED600008B504F0C1FE04F0ADF900F001FCFFF7B6
:10ED7000D9FFFEF755FE02F02FFC03F065FABDE85F
:10ED80000840FFF7A8BF08B504F08EFB03F06AFA4D
:10ED9000BDE8084003F010BA2DE9F04F85B0FFF749
:10EDA000A0FF60B9FFF75CFFFFF7EDFF02F062FE26
:10EDB00003F07CFE05B0BDE8F04FFEF74FBE2F4ECE
:10EDC00000F0EEFB35460024E0B22F6800F036FB81
:10EDD000052C50D0874205F1040504F10104F3D05D
:10EDE000274B1B789B0701D500F02EFBFFF78CFF0C
:10EDF000002501904FF0010B5FFA85F9484600F0BD
:10EE00001DFB56F8043B984207462ED04340009322
:10EE100000244FF00108009B13EA080F1DD0019B4E
:10EE200017EA080F14BF4FF0010A4FF0000A7BB138
:10EE30008DF808408DF8099004F08EFE8DF80CB026
:10EE4000ADF80A008DF80DA0DDE90201FEF71CFE09
:10EE500052462146484601F02BFC0134E4B2142C02
:10EE60004FEA4808D7D146F8047C0135062DC3D1B6
:10EE7000FFF716FF98E78742B2D193E7B81A002050
:10EE8000D81A0020C22813D8A93819280ED8DFE8CC
:10EE900000F0551416181E222420272A2D36393C3E
:10EEA0003F42454C1A1C484A30334F52E2207047CB
:10EEB000A0F5FA40343880B27047EA207047B52098
:10EEC0007047B6207047B3207047B4207047B72012
:10EED0007047CC207047CD20704740F283107047B8
:10EEE0004FF4C57070474FF4C97070474FF4CA7043
:10EEF000704740F29F10704740F2CB10704740F2CD
:10EF00002120704740F2232070474FF4097070476A
:10EF100040F22520704740F22620704740F227201B
:10EF200070476F2070477020704740F22A2070476A
:10EF300040F29F2070474FF428707047E9207047D7
:10EF400038B500F0EFF8B0F5A44F044639D2B0F56B
:10EF5000A04F80F0AA80DF2819D8CC2872D8A72823
:10EF60000AD8A42869D8012804D0031F9BB2A12B7A
:10EF700028BF0024204638BDA0F1A8039BB21A2B5D
:10EF800014D82046FFF77EFF40F48844F2E7B0F53E
:10EF9000804F0DD2B0F5005F80F09A80E728E9D964
:10EFA000A0F580739BB2B3F5F85F4ED30024E1E780
:10EFB000C0B200F0B7F804F47064204340F4204479
:10EFC000D8E745F29F23984220D8B0F5A54F5FD2ED
:10EFD00045F25F2398420ED845F23F2398424CD821
:10EFE00045F21F2398423DD900F01F044AF2F10375
:10EFF00043EA0424BEE700F003040123A340C0F366
:10F00000820243EA421343F40A44B3E745F2DF23A2
:10F0100098420DD845F2BF2398423ED800F01F0019
:10F0200000F004F9040204F4F85444F40054A1E795
:10F03000A0F5FE439BB2332BA2E7A0F1240444F4D5
:10F04000804497E740F4A04494E7C0F3072000F021
:10F05000EDF80502E0B200F065F805F4F85540EA75
:10F06000050487E700F003040123A340C0F38502F1
:10F0700043EA421343F40D447CE700F00304012308
:10F08000A340C0F3820243EA421343F40C4471E705
:10F0900000F01F044AF2F403AAE7040204F4F8544F
:10F0A00044F4204444F0F00464E700F01F0000F052
:10F0B000BDF803B21A0102F0F00210F0100FC4F311
:10F0C000431418BF134643EA042343F4104451E7A2
:10F0D000C0F3042000F0AAF80502E0B200F022F824
:10F0E00005F4F855054345F4005443E782B0ADF804
:10F0F0000410C1F30721052906D89DF80420132A1E
:10F1000002D802B003F0ECB8002002B0704707B597
:10F11000ADF804100199FFF7E9FF03B05DF804EBC7
:10F12000FFF70EBFE7284FD8DF2807D8312864D073
:10F130000ED8292857D02A2866D07047A0F1E003BE
:10F14000072B41D8DFE803F01540232831403C412C
:10F15000392804D0822802D035283FD07047324B5E
:10F160001A7892071FD15B7813F0080F18BF292077
:10F1700070472D4A1378D9074DD4527812F0010FF9
:10F1800022D013F0100F14BF0020E3207047264B4D
:10F190001B7813F0040FF3E7234A137859073CD484
:10F1A0005278D207EDD5E02070471F4B5A7891076F
:10F1B0000AD51B7813F0100F14BF0020E72070470A
:10F1C000194B1B781A07F5D47047174A137819079B
:10F1D00025D452789107EDD5E4207047124B1B7867
:10F1E00013F0200FC2E7104B1A78920619D45B78FF
:10F1F00013F0080F18BF392070470B4B1B7813F022
:10F20000400F18BF2A207047074B1B7813F0400FA0
:10F2100018BF3120704739207047E2207047E62040
:10F2200070473520D0E700BFA854002030B52F4DDF
:10F230002B785A0711D500F0140100F018020C1FAA
:10F240006142A2F1080C6141DCF1000242EB0C02C8
:10F2500080F00C04914218BF2046190713D500F026
:10F26000140400F01801A4F1140CA1F11802DCF14F
:10F27000000444EB0C045142514180F00C02D2B224
:10F280008C4218BF10466D78E90713D500F01104C1
:10F2900000F0180104F1FF3CA1F10802DCF10004C8
:10F2A00044EB0C045142514180F00902D2B28C422D
:10F2B00018BF1046AA0711D500F0110400F018017C
:10F2C000A4F111025442A1F118055441694280F0A1
:10F2D00009026941D2B28C4218BF104600F0E70221
:10F2E00013F0100F18BF104630BD00BFA854002007
:10F2F00000207047A0F5A543603B1F2B10B507D831
:10F300004C791CB900F01F00FEF722FB204610BD0F
:10F310000124FBE708B54B79BBB147F65B4290424D
:10F3200010D047F65C42904205D047F65A429042D0
:10F3300005D0184608BDFFF739FC0023F9E7FFF7B1
:10F340003FFCFAE7FFF73FFCF7E70123F1E708B5D9
:10F350004B79A3B147F6014290420DD047F60342E4
:10F36000904207D0B0F5F84F02D1FEF713FB00230F
:10F37000184608BDFFF731FCFEF714FBF7E7012341
:10F38000F6E7002000F0E8B908B5002000F064F9C5
:10F390004FF6E363C31A5842584108BD4FF6E36184
:10F3A000002000F0BBB908B5002000F0D5F9BDE899
:10F3B00008404FF6FF71002000F0B0B910B50446C8
:10F3C000022000F03BF9207010BD0178022000F00F
:10F3D00097B9032000F032B90146032000F090B93C
:10F3E00010B50446042000F037F9208010BD0188D4
:10F3F000042000F093B90822172100F0AFB90822C9
:10F40000172100F063B90146132000F095B90146B9
:10F410000E2000F075B9002070470000014B186005
:10F42000704700BF5C100020704708B5FFF7FCFF75
:10F4300008BD704708B5FFF7FCFF08BD014B53F846
:10F4400020007047C454002070474FF4B46005F0AA
:10F45000EFBB00BF00BF00BF00BF00BF00BF00BFC9
:10F4600000BF00BF00BF00BF00BF704708B5FFF777
:10F47000ECFF08BD08B5302383F31188012100F0AB
:10F480000F039940202220F00F0007F0B1FA00236B
:10F4900083F3118808BD000038B50C4D142455F8CD
:10F4A000040B421C01D0FFF7E5FF013C14F0FF0400
:10F4B000F5D1074D062455F8040B431C01D0FFF786
:10F4C000D9FF013C14F0FF04F5D138BD249901089F
:10F4D000749901082DE9F843234E0D4656F8211082
:10F4E0004C1C804617463DD0302383F311880122FF
:10F4F00021F00F0901F00F0102FA01F421464846FC
:10F5000007F076FAA9F81A40002484F31188FFF76F
:10F51000A0FFDFF858C0A8F1040108F114085CF856
:10F52000042B51F8043F501C19D022F00F0002F0B8
:10F530000F02006920FA02F2D20710D43B430124E3
:10F5400041450B60EBD156F82500431C01D0FFF775
:10F5500091FF21462846BDE8F843FFF787BF23EA1D
:10F560000703EDE7BDE8F8832499010874990108C1
:10F5700008B5FFF791FF18220021074808F06AFF3D
:10F5800018220021054808F065FF0620FCF7E0FC82
:10F59000BDE80840FFF749BFC4540020AC54002028
:10F5A00070B586B018220021684608F053FF002489
:10F5B00001252A46E1B268460134FFF78BFF142C7F
:10F5C0004FEA4505F5D10E481822694608F032FF8A
:10F5D000061E18BF012638B16C460FCC084D0FC56A
:10F5E00094E8030085E803000649054833460622EF
:10F5F000FCF718FC0446FFF71DFF204606B070BD5F
:10F60000AC540020C4540020FFF7C6BB08B504F07A
:10F6100031FA04F01FFEFFF767FB04F01DFEFFF751
:10F620009FFB04F027FE04F02BFEFFF7EDFF04F034
:10F6300029FE04F0E9FDFFF76DFBF4E707B50023B1
:10F64000014601220DF107008DF8073000F086F821
:10F650009DF8070003B000BD07B500230146022254
:10F660000DF10600ADF8063000F078F8BDF80600A0
:10F6700003B000BD07B50422014600230DEB0200D4
:10F68000019300F06BF8019803B000BD07B50122AB
:10F690008DF8071001460DF1070000F064F803B083
:10F6A00000BD07B50222ADF8061001460DF10600B7
:10F6B00000F059F803B000BD07B5042201910146DE
:10F6C0000DEB020000F04FF803B000BDF8B5D31DFC
:10F6D00023F0070300AFADEB030D05461446684663
:10F6E0000E4600F03BF822466946284608F0A2FE86
:10F6F00020B122463146284600F035F8BD46F8BD17
:10F7000038B50C460546FFF799FFA04205D02146C3
:10F710002846BDE83840FFF7B9BF38BD38B50C46BC
:10F720000546FFF799FFA04205D021462846BDE8CF
:10F730003840FFF7B6BF38BD38B50C460546FFF771
:10F7400099FFA04205D021462846BDE83840FFF782
:10F75000B3BF38BD00F04CB900F03CB80B460146D1
:10F76000184600F051B80B460146184600F0DEB8C6
:10F7700008B54FF440620548002108F06BFE034ACB
:10F7800040F60843C2F8003C08BD00BFDC1A002068
:10F7900010B5064C94F8043C33B900F0ABF910B145
:10F7A000012084F8040C10BD0220FCE7DC1A0020C4
:10F7B00010B5074C94F8043C3BB100F0EBF918B1DC
:10F7C000002384F8043C012010BD0220FCE700BFA8
:10F7D000DC1A002038B5FFF7DBFF044618B9FFF745
:10F7E000E7FF204638BD00F091F90546FFF7C0FF5E
:10F7F000012C06D1FFF7DCFF00280CBF002505F027
:10F8000001052C46EDE700008318B3F5406F10B5F5
:10F810000C4606D804490144204608F06AFE01203F
:10F8200010BD0020FCE700BFDC1A0020F8B506463A
:10F830000F4615460024AC4201D10120F8BD07EB6C
:10F84000840106EB840000F007FA0028F6D00134AA
:10F85000F1E7F8B506460F4615460024AC4201D143
:10F860000120F8BD57F8241006EB840000F074F96D
:10F870000028F6D00134F1E737B5FFF789FF00F033
:10F8800045F948B3FFF784FF174905464FF4407226
:10F890000020FFF7DEFFE8B111A3D3E900231248EF
:10F8A0004FF4406102F068FB0222CDE90001694695
:10F8B0004FF44060FFF7CDFF4000C4B2012D01D1ED
:10F8C000FFF776FF084A40F60843C2F8003C20469E
:10F8D00003B030BD0446F1E70446F8E7AFF300801B
:10F8E00025232284E49CF2CBDC1A0020044BD3F8BD
:10F8F000003CB3F5C05F01D3FFF7BEBF01207047E6
:10F90000DC1A002010B5084C0146D4F8000C00F0B9
:10F9100023F940B1D4F8003C0433C4F8003CBDE8FE
:10F920001040FFF7E3BF10BDDC1A00208318B3F5C9
:10F93000406F2DE9F74F06460F4615461BD82B4C56
:10F9400004442146384608F075FD00284BD02A466D
:10F950003946204608F0CDFDFFF71AFF804640B13A
:10F960004FF0000A4FF0000B55B9FFF7BFFF0446F8
:10F9700031E0FFF71DFF0024204603B0BDE8F08F03
:10F98000052DA946C6F3024328BF4FF0050943EAF7
:10F99000C903CDE900AB4A468DF800303946330A39
:10F9A0000DF103008DF801308DF8026008F0A1FD23
:10F9B0000098FFF7A7FF012804460CD1012D04D1C0
:10F9C000A5EB09054E444F44CEE70198FFF79AFF97
:10F9D00001280446F4D0B8F1010FCDD1FFF7E8FEBD
:10F9E0000028C8D0C8E70124C6E700BFDC1A002001
:10F9F0002DE9FF41FFF7BCFE00F0D4F830B9FFF766
:10FA0000B7FE0024204604B0BDE8F0813849384EE6
:10FA10004FF440720020FFF709FF002844D032A3C2
:10FA2000D3E900234FF44061304602F0A5FA0222E8
:10FA300005460C464FF4406002A9FFF7F7FEDDE9EA
:10FA400002239C4208BF954201D0FFF791FE40F689
:10FA5000084401A9204600F0FFF800283BD0019B94
:10FA6000002B37D013F0C00F04F104070293D9B272
:10FA700010D11BBA0D0423F07F4323F0FF0305F4DC
:10FA8000E02545EA332505EBD103B3F5406F4FEA96
:10FA9000D1080CD9C6F8007CFFF7EEFE044600281A
:10FAA000B0D1FFF765FEADE7FFF762FEA7E711F003
:10FAB000300F17D003A9384600F0CEF80028E9D05F
:10FAC000083442460DF10B01701908F012FDB4F52F
:10FAD000C05FBED30120C6F8004C0028DCD0FFF781
:10FAE00005FFDBE73C46ECE725232284E49CF2CBD0
:10FAF000DC1A002008B50021034805F029FEB0FA01
:10FB000080F0400908BD00BF085600202DE9F041F3
:10FB1000DFF840800E4F00210126D8F800308B42DC
:10FB200002D83046BDE8F081386803684C1C214695
:10FB30005B6998470546386805F0B0FD0543EDB2AE
:10FB4000012D8CBF002606F001062146E5E700BF27
:10FB5000E8260020601000200B4B37B51C680B4BCB
:10FB600001911B7804440BB1C9430191084B1868FB
:10FB700003680422DD68214601ABA847B0FA80F093
:10FB8000400903B030BD00BF64100020E62600200D
:10FB9000E826002008B5024805F0E8FD012008BD70
:10FBA000085600202DE9F041224D234B2B60FFF732
:10FBB000F1FF286803685B689847204B204AB3F838
:10FBC000226AB3F8243A46EA0346037803F00103B5
:10FBD00013708368044613B91A4805F003F8A76840
:10FBE0000024A046013FA74210D9013428682146CD
:10FBF00005F081FD8044B8F5C05FF4D3124B28684E
:10FC00001C60012105F06AFD104B18600E4B1A684C
:10FC10004FF6FF739A4206D00C4A0D4B126803EA66
:10FC200086239A4202D30B4804F0DCFF0120BDE892
:10FC3000F08100BFE8260020085600200070FF1F5A
:10FC4000E6260020BF91010860100020641000200B
:10FC500000FCFF031D920108104B70B50D4619689A
:10FC60000F4B104E104C0144186805F051FD0F4B1E
:10FC700001223270BFF35B8F00211B780068217076
:10FC8000BFF35B8F5B4231704340207820B121701D
:10FC90000B4608462B6070BD1046FBE76410002041
:10FCA000E8260020E5260020E4260020E6260020A5
:10FCB0004B7910B504460BB9012010BDFEF718FEB4
:10FCC000A4F5F043203B00F022000A2BF4D8DFE833
:10FCD00003F0060A0E13171C2025292E320001F00E
:10FCE000F0FD0020E9E720B101F01EFDF9E7002852
:10FCF000FAD001F005FDF4E720B101F077FDF0E75F
:10FD00000028FAD001F060FDEBE720B101F096FD8C
:10FD1000E7E70028FAD001F07DFDE2E720B101F02D
:10FD20001FFEDEE70028FAD001F0FAFDD9E720B186
:10FD300001F04EFED5E70028FAD001F039FED0E7F9
:10FD400038B54D79044615B10125284638BDFEF772
:10FD5000CFFDA4F5F043403B00F022000C2BF3D87C
:10FD6000DFE803F0070A0D1014191D22262B2F348B
:10FD7000380001F0C3FDE8E701F06CFCE5E701F0B5
:10FD8000A0FDE2E720B101F0CFFCDEE70028FAD0C9
:10FD900001F0B6FCD9E720B101F028FDD5E7002835
:10FDA000FAD001F011FDD0E720B101F047FDCCE71A
:10FDB0000028FAD001F02EFDC7E720B101F0D0FDF8
:10FDC000C3E70028FAD001F0ABFDBEE720B101F097
:10FDD000FFFDBAE70028FAD001F0EAFDB5E7000020
:10FDE00030B585B010F47F4F0190C0F30725C0F304
:10FDF00007420FD109B12B4B9A5C14461346E4B26B
:10FE0000002064F30700DBB263F30F2062F31740B6
:10FE100005B030BD9DF8044009B1224B9A5CFF2328
:10FE200004EB4400591B4000B0FBF3F04FF6AB73FA
:10FE300010FB03F303EB440303EB4303DBB215FBBB
:10FE400003F4C3F1FF0313FB05F324121B12C4F1E7
:10FE5000FF04C3F1FF0311FB02F114FB02F413FBD7
:10FE600002F3091224121B12062816D8DFE800F04C
:10FE70000406090C1015040014461A4613460A46D7
:10FE8000BDE70C461946F9E723460C461146F4E750
:10FE900010461C460A460146F0E7234614460A4629
:10FEA000F0E700BFB099010884B0012104B0FFF76A
:10FEB00097BF012810B501D8C0B210BDB0F5F75FEB
:10FEC0009DBF42090832D2B2FF2201218B185B107C
:10FED00003FB03F4A4B2844206D9013BDAB2914297
:10FEE000F4D90139C8B2E8E7FF2B02D00133D9B207
:10FEF000F5E71846E1E70000064B188800EB4022C2
:10FF000000EB820000F558501930188000EB1020EB
:10FF1000C0B2704788100020430610B54CBF80F077
:10FF2000FF0303460E4C48BF03F00F02C3F3011357
:10FF300004EB430158BF00F00F02497814F8133066
:10FF400048BF013211FB02F203EB1213DBB25A423B
:10FF500010F0800FD2B218BF134683F0800010BD9E
:10FF60008C9901081FB5C0F3074401905008FFF7B2
:10FF7000D3FF0206A0F180035CBF6FF07F031B1A62
:10FF80005B00DBB204FB03331B128DF80630019BD0
:10FF90000020DAB262F30700C3F3072262F30F20F6
:10FFA000C3F3074363F3174004B010BD84B001905E
:10FFB0008DF80420019B0020DAB262F30700C3F33E
:10FFC000072262F30F20C3F3074363F3174004B023
:10FFD0007047000084B03C310A4B019013F8113097
:10FFE0009B1A8DF80430019B0020DAB262F30700FF
:10FFF000C3F3072262F30F20C3F3074363F31740F1
:020000040801F1
:1000000004B07047980E00200C4B84B003EB410302
:10001000019093F879309B1A8DF80430019B0020F1
:10002000DAB262F30700C3F3072262F30F20C3F3CF
:10003000074363F3174004B0704700BF980E0020D9
:1000400030B5134D85B03C3105EB410301905B7831
:10005000A3F12004C3F120035BB264B234EA2404A8
:1000600028BF1C4615F811309B1A234403448DF811
:100070000430019B0020DAB262F30700C3F30722C9
:1000800062F30F20C3F3074363F3174005B030BD9D
:10009000980E002084B003EB43039DF810200190DC
:1000A00002EB53038DF80430019B0020DAB262F3B7
:1000B0000700C3F3072262F30F20C3F3074363F380
:1000C000174004B070471FB5019048B2494249B289
:1000D00030EA200028BF08465243C0F1380010FB28
:1000E000002080B21C46FFF7E4FE00EB4000044411
:1000F0008DF80440019B0020DAB262F30700C3F3DD
:10010000072262F30F20C3F3074363F3174004B0E1
:1001100010BD00001FB5124C01903C3304EB4300AE
:1001200014F813304078703B4B43203802FB003208
:10013000002A9DF80430B8BF7F3203EBE2138DF83C
:100140000430019B0020DAB262F30700C3F30722F8
:1001500062F30F20C3F3074363F3174004B010BDED
:10016000980E00201FB5124C01903C3304EB430065
:1001700014F813304078703B4B43203802FB0032B8
:10018000002A9DF80430B8BF3F3203EBA2138DF86C
:100190000430019B0020DAB262F30700C3F30722A8
:1001A00062F30F20C3F3074363F3174004B010BD9D
:1001B000980E0020FF2984B028BFFF21C943019079
:1001C000C9B2C0F3074000FB011109128DF80610F7
:1001D000019B0020DAB262F30700C3F3072262F347
:1001E0000F20C3F3074363F3174004B0704784B094
:1001F00003EB8302BDF81030019013449BB2FF2B38
:1002000028BFFF23C0F30740DB4350FA83F3FF2BE3
:1002100028BFFF238DF80630019B0020DAB262F37D
:100220000700C3F3072262F30F20C3F3074363F30E
:10023000174004B0704700001FB5482B0190C0F371
:10024000074030D8BDF81840E31A9BB2FF2B28BFF7
:10025000FF23083189B2102905D902F1080189B2BA
:10026000112928BFFF231149DB4350FA83F3002AE9
:100270004978B8BF0332FF2B01EBA20228BFFF234E
:100280008DF804208DF80630019B0020DAB262F36D
:100290000700C3F3072262F30F20C3F3074363F39E
:1002A000174004B010BDFF23D3E700BFE054002087
:1002B00084B0C0F30741BDF810200190D31A9BB25F
:1002C000FF2B28BFFF23DBB283F0FF021144FF297D
:1002D000034428BFFF218DF804308DF80610019BE0
:1002E0000020DAB262F30700C3F3072262F30F20A3
:1002F000C3F3074363F3174004B0704784B0BDF8FD
:1003000010200190D21A92B2FF2A28BFFF22C0F318
:100310000740D24350FA82F2FF2A28BFFF228DF80D
:100320000620019B0020DAB262F30700C3F3072224
:1003300062F30F20C3F3074363F3174004B0704721
:1003400010B5044610B9C90FC80110BD80EAE073AA
:10035000A3EBE07300291AB201FA83F30DDB891ACB
:10036000490191FBF3F1C1F12001C8B24342DBB274
:1003700030EA240028BF1846E7E75B01521A93FBD6
:10038000F2F3C3F16003D8B2F0E730B585B0C0F343
:10039000074501909DF820001B1A1046EC18FFF746
:1003A000CFFF231ADBB205FB03331B128DF8063097
:1003B000019B0020DAB262F30700C3F3072262F365
:1003C0000F20C3F3074363F3174005B030BD1FB5DB
:1003D000019010461C46FFF7B3FF20448DF804003F
:1003E000019B0020DAB262F30700C3F3072262F335
:1003F0000F20C3F3074363F3174004B010BD1FB5CC
:1004000001909DF818001C1A1046FFF799FF241A56
:100410008DF80440019B0020DAB262F30700C3F3B9
:10042000072262F30F20C3F3074363F3174004B0BE
:1004300010BD84B004B0FFF737BD0000024B0022AE
:100440005A601A60704700BF182800202DE9F04F4D
:10045000344D4FF0140909FB005385B05B5CFF2B52
:100460008246884628D0304A002603F13C0B05EB33
:100470004B0009FB065109FB06240027019011F8E7
:1004800001CBBCF1FF0F0FD0F0B2824517D1F8B20B
:10049000804514D109FB0A2C1CF808002030FF28E5
:1004A00028BFFF200CF808000137142F04F10104C5
:1004B000E5D10136062ED8D105B0BDE8F08F0CF19C
:1004C0003C0C029315F81CE0019B15F81B000391EE
:1004D00005EB4C0CA0EB0E009CF801C093F801E07A
:1004E000AEEB0C0C0CFB0CFC00FB00C080B2FFF769
:1004F000E0FC2828029B03990B4AD5D8A0F1180CE0
:100500001FFA8CFCBCF1100F94F800C094BFC0F12E
:1005100028001020604480B2FF2828BFFF202070F0
:10052000C2E700BF980E002022270020FCF702BC83
:10053000FCF76ABC08B50348FEF766FB024B0022D5
:100540001A7008BDE0540020F126002009480A492D
:1005500008B5152300F8013B032207F0CAFF054A3E
:100560004FF67F7310469380FEF74EFB034B00223D
:100570001A7008BDE054002014910108F1260020F3
:100580000020704770B5144606460D46FFF7F8FF89
:10059000054B142202FB06335B5DFF2B1EBF235469
:1005A0000130C0B270BD00BF980E0020014BDB6867
:1005B000184700BF94990108704700002DE9F041E9
:1005C0001F46064B5C680D461646FFF7F5FF3B4697
:1005D00032462946A446BDE8F04160479499010897
:1005E000014B9B68184700BF9499010833B4044637
:1005F000094D084611462D5CA5421A469DF810305B
:1006000006D1064C64680194A44602B030BC604731
:1006100002B030BC704700BFE85400209499010834
:1006200030B5144B4A78034485B093F850311342E7
:1006300005460C461BD0FFF75FFC8DF80800FFF75E
:100640005BFC0D4B40F35700DB788DF80A307F30B0
:100650008DF809000298FFF7ECFEC0F30743009302
:10066000C2B2C0F307232946E078FFF7BFFF05B009
:1006700030BD00BF980E0020E05400202DE9F84363
:100680000A4D06460F4690469946002415F8013F4C
:10069000B6EB131F05D14B46424639462046FFF7BD
:1006A0008DFF01346C2CF1D1BDE8F883E70F0020F9
:1006B0002DE9F04F85B006460F461546FEF722FBA2
:1006C0008046002853D0002D54D002AA3946304627
:1006D000FFF758FF0446DFF8E49099F8002013195B
:1006E000082B24DD611CC4F10802494409F1010012
:1006F000924607F0FEFE04F109015246494409F111
:10070000090007F0F6FE09EB44014FEA4A021931ED
:1007100009F1190007F0EDFE04F1110152464944B8
:1007200009F1110007F0E5FE524689F800A000210A
:10073000DFF888C0DFF88CE00DF1080B0846894629
:10074000CBB29C4218D810B11C4B14441C704DB154
:100750001B4B1B7803F0FC03402B03D1394630467A
:10076000FFF774FE2A4639463046FCF7D3FC05B045
:10077000BDE8F08F2C46AEE71BF801AB1344D8B2AE
:100780005CFA83F300930AF13C03019000981EF891
:10079000133043700AF13C030EEB4300009B40789A
:1007A000587283F811A0019B0C330CEB4303013109
:1007B00083F8019083F802904046C1E7F2260020BA
:1007C000E0540020980E002070470120704701205F
:1007D000704708B5FFF7F9FFFAF76DFA08BD00EBAF
:1007E000800300EB43035B00DBB203F11602002041
:1007F00063F30700D3B26C2B28BF6C2382B063F382
:100800000F2002B0704700002DE9F04F8BB0374F3A
:10081000049181460078FFF7E2FF354A3B7915885D
:10082000ADF81C005B0803FB0555C5F307230393D4
:10083000304BC4B2C0F3072A03EB440603F5A87893
:10084000E3B29A4507D8BAF16B0F8CBF00200120A4
:100850000BB0BDE8F08F99F8013018F804201A4267
:1008600041D096F8783096F87900703B1FFA83FBF8
:1008700020385B4382B200FB003080B20592FFF764
:1008800018FB039A009297F801C097F803E0BDF9AE
:100890001420049D0346B8784CEA00200FFA8BF12F
:1008A00040EA0E40A847C0F307238DF82400C0F3A8
:1008B00007408DF825308DF826000998FFF7B9FD1F
:1008C000C0F307428DF82220D2B2C0F30723009272
:1008D0008DF820008DF82130C2B2DBB299F8030008
:1008E0002146FFF783FE02360134A9E7E0540020D9
:1008F00054550020980E00200149FFF785BF00BF26
:100900008B0301080149FFF77FBF00BF9500010875
:100910000149FFF779BF00BFFF0301082DE9F04F40
:100920002E4F87B081460078FFF759FF2C4A3B795C
:100930001588ADF80C005B0803FB0555294BC4B2C4
:100940008B46C0F3072AC5F3072503EB440603F5DE
:10095000A878E3B29A4507D8BAF16B0F8CBF002094
:10096000012007B0BDE8F08F99F8013018F8042095
:100970001A422FD0BB78787897F803C096F8792080
:1009800096F8781040EA0320203A70392B4640EA66
:100990000C40D847C0F307238DF81400C0F307407C
:1009A0008DF815308DF816000598FFF742FDC0F35D
:1009B00007428DF81220D2B2C0F3072300928DF8BF
:1009C00010008DF81130C2B2DBB299F80300214655
:1009D000FFF70CFE02360134BBE700BFE0540020F5
:1009E00054550020980E00200149FFF797BF00BF23
:1009F000C70001080149FFF791BF00BFCF030108FD
:100A00002DE9F047274EDFF8A4A086B0074600780E
:100A1000FFF7E5FE3579244BADF80C001B88AD08D7
:100A200002355D438946C0F30728C5F30725C4B2E4
:100A3000E1B2884507D8B8F16B0F8CBF00200120C8
:100A400006B0BDE8F0877B781AF804201A4227D058
:100A5000B2787378F07843EA022343EA00402A46EA
:100A6000C847C0F307238DF81400C0F307408DF882
:100A700015308DF816000598FFF7DBFCC0F3074230
:100A80008DF81220D2B2C0F3072300928DF8100027
:100A90008DF81130C2B2DBB2F8782146FFF7A6FD1F
:100AA0000134C5E7E054002054550020E80F002031
:100AB0000149FFF7A5BF00BF65FF00080149FFF727
:100AC0009FBF00BFADFF00080149FFF799BF00BFFE
:100AD000D5FF00080149FFF793BF00BF09000108D7
:100AE0000149FFF78DBF00BF410001082DE9F04F1C
:100AF00089B0324F039180460078DFF8C8A0FFF735
:100B00006EFE2F4A3B791588ADF814009B0803FB55
:100B10000555C5F30725044605F14000C0B2FFF7AF
:100B2000FBF980384FFA80FB2846FFF7F5F9A0F172
:100B3000800673B2C4F307290293E4B2E3B2994585
:100B400007D8B9F16B0F8CBF0020012009B0BDE8B8
:100B5000F08F98F801201AF8041011422CD000955B
:100B6000BA78787897F803C0039E40EA0220594685
:100B7000029A40EA0C40B047C0F307238DF81C00EE
:100B8000C0F307408DF81D308DF81E000798FFF761
:100B900050FCC0F307428DF81A20D2B2C0F30723ED
:100BA00000928DF818008DF81930C2B2DBB298F8B7
:100BB00003002146FFF71AFD0134BFE7E05400208F
:100BC00054550020E80F00200149FFF78FBF00BFF8
:100BD000150101080149FFF789BF00BF6501010840
:100BE0002DE9F04F394DDFF8E8A0DFF8E89087B045
:100BF00007460078FFF7F3FD2B79ADF80C000133C1
:100C0000FF2B8B46C0F30728C4B228BFFF234FF643
:100C1000FF76B6FBF3F6E0B2804507D8B8F16B0F6C
:100C20008CBF0020012007B0BDE8F08F7B781AF858
:100C300004201A4238D099F80030DFF89CC0013BFC
:100C40005BB21A0632D531462B79AA78E87801339F
:100C5000FF2B28BFFF2303FB01116B7843EA02231C
:100C6000C1F30F2143EA0040D847C0F307238DF8B2
:100C70001400C0F307408DF815308DF81600059864
:100C8000FFF7D7FBC0F307428DF81220D2B2C0F3B2
:100C9000072300928DF810008DF81130C2B2DBB23C
:100CA000F8782146FFF7A2FC0134B4E71CF80320D2
:100CB000824209D103F10C0209EB42025178927889
:100CC00041EA0221B142BFD3013BBAE7E054002020
:100CD000E80F002058550020695500200149FFF712
:100CE0007FBF00BFB50101082DE9F04F8DB08246EE
:100CF00008780592FFF773FD4A4BADF824001B7886
:100D00000393494BC4B203EB440203F5A8730F46A7
:100D1000C0F3072902920493E3B2994507D8B9F1C9
:100D20006B0F8CBF002001200DB0BDE8F08F049A3E
:100D30007B78125D1A422AD0DFF8E8B03B490322E3
:100D40000AA807F0D6FB56460BEB0A080021039AC7
:100D5000F3B29A4220D8364BDB7803FB011109121B
:100D60008DF82A100A98FFF764FBC0F307428DF84C
:100D70002E20D2B2C0F3072300928DF82C008DF8FC
:100D80002D30C2B2DBB2F8782146FFF72FFC029B70
:100D9000023301340293BFE7029B079193F8780076
:100DA00018F8013FC01A029B98F8082093F8793090
:100DB0009B1A9AB25B4385B200FB003080B2069268
:100DC000FFF777F81A4B079993F804E0BDF918205C
:100DD00006F10C030BEB43030EF1010E93F801C077
:100DE0009B788DF82A10BEF1FF0F28BF4FF0FF0E41
:100DF0004CEA032C0EFB0CCCCCF30F2329B200934E
:100E0000059D03460A98A847C0F30741C0F307238E
:100E10008DF82A108DF828008DF82930C9B20136D6
:100E200095E700BF58550020980E0020E15400209F
:100E3000E05400200146024A0020FFF755BF00BFE2
:100E4000EF0101080146024A0020FFF74DBF00BF35
:100E500039020108044B054A1B78013B23EAE3737E
:100E60000146D8B2FFF740BF58550020B102010833
:100E7000044B054A1B78013B23EAE3730146D8B2D1
:100E8000FFF732BF58550020FD020108F0B50546B6
:100E900085B000781B4FFFF7A2FC1B4AADF8080095
:100EA000537891780446D07843EA012343EA00401E
:100EB000FFF7BFFAC0F307238DF80C00C0F307401B
:100EC000C4F307268DF80D308DF80E00E4B2E3B2BE
:100ED0009E4205D86B2E8CBF0020012005B0F0BDCE
:100EE0006B783A5D1A420AD09DF80E3000939DF857
:100EF0000C209DF80D30E8782146FFF777FB013490
:100F0000E5E700BFE80F0020E05400202DE9F341A1
:100F10000178C5780646E9B9234B1A79234B10327C
:100F2000FF2A1B8828BFFF2202FB0333C3F30F23D2
:100F30000522B3FBF2F202EB82029B1A9BB24BB981
:100F4000FEF7DAFF4FF06C0310FB03F0184B0012B2
:100F500023F815000846FFF742FCB378ADF804000B
:100F6000C7B2C0F30724ABB9DFF8448038F81500E6
:100F7000874211D8A0420FD23146C0B2FFF750FBD2
:100F80006D2328F8153007E038463146FFF748FB57
:100F90000137FFB2A742F7D36B2C8CBF0020012092
:100FA00002B0BDE8F08100BFE0540020545500209D
:100FB0006E1000202DE9F0410378C778414E424D74
:100FC00086B00446002B5ED132784FF0010808FA53
:100FD00007F3134333703D4B53F8270002F033FD02
:100FE0003B4B1B79C3F5A07383420CD2FEF784FF01
:100FF0004FF06C02E37810FB02F0001225F81300AA
:10100000344B83F800802078FFF7E9FBE378ADF8F4
:101010000C0035F81320C0F30726C0B290422BD83D
:10102000B24229D22C4B1344627893F850311342C8
:1010300022D0FEF761FF830735D50023ADF81030CD
:101040008DF812300498FFF7F4F9C0F30723C0F3CA
:101050000747C2B28DF81400E0788DF81670FFB221
:1010600035F810108DF815300097DBB2FFF7BEFA97
:10107000E3786D2225F813206B2E8CBF0020012011
:1010800006B0BDE8F081DFF84C8098F800303BB145
:1010900002F02CFD0D4B43F82700002388F80030A8
:1010A00000233370AFE7FEF727FF8DF81000FEF73F
:1010B00023FF074B40F357007F30DB788DF811009A
:1010C000BEE700BFF02600206A100020182800208C
:1010D000E0540020EF260020980E00202DE9F04F6C
:1010E000044689B00078FFF77AFBC3B20393A37874
:1010F000ADF81400C0F3072653B10023E0781A4678
:101100001946FFF7BBFA48487822002107F0A2F9F8
:10111000237883B9454B1B786BB1454D288802F085
:101120008BFC444B18288CBF012200221A7002D974
:1011300002F012FD28800027B9463F4B07EB030B56
:10114000394B4FF0000807EB030A1BF8013B039AE9
:1011500093424ED3B3424CD2374A1344627893F849
:10116000503109F1010913425FFA89F941D09AF827
:101170000050A5F155026FF05503002AA8BF9B1A35
:101180002E4A8DF8183093788DF8193005F1AA039E
:10119000FF2B28BFFF2303EB4303D2780233DBB2DC
:1011A00002FB03331B128DF81A300698FFF741F942
:1011B000C0F307428DF81E20D2B2C0F307231BF8FC
:1011C000011C00928DF81C008DF81D30C2B2DBB2FC
:1011D000E078FFF70BFA174B1B7853B1134B2278CB
:1011E0001B789A421EBF05F1FF3525EAE5758AF89E
:1011F000005008F101085FFA88F8B8F1140F0AF1FD
:10120000010AA2D1642F04D0B9F1150F07F1140718
:1012100093D96B2E2278054B8CBF002001201A70C9
:1012200009B0BDE8F08F00BF22270020EE26002085
:101230001428002012280020980E0020E0540020DE
:101240002DE9F04F804689B000786A4CFFF7C7FA65
:10125000C0F30723039398F80230E578ADF8140043
:1012600073B100231A46194698F80300FFF706FAEF
:1012700078226148002107F0EDF8604B00221A70D7
:1012800098F80030002B40F0B280E47805EB450B75
:10129000A5424FF0FF024FEAAB0AB2FBF5F2029211
:1012A00000D069D8564B1B781BB1564A13780133CE
:1012B0001370DFF8449100264F460025504B1B78F1
:1012C00053B14E4B1B782B435AD107F035F84E4B98
:1012D000984255DC89F8004006AA31462846FFF7B7
:1012E00051F9A0B13B7898F803009DF81810B3EBC2
:1012F0009B0F53D9A3EB0A020AFB02F2A4EB0A03E9
:1013000092FBF3F2D2B200922346FFF76FF9013558
:10131000EDB2062D07F11407D0D10136F6B2142E26
:1013200009F10109C8D1364B1B786BB1354B0299D5
:101330001A788A4204BF00221A70304A13780133A7
:10134000DBB21C2B32D8137000232D4A1370039B81
:101350006B2B8CBF0020012009B0BDE8F08F027814
:101360000131062912FB04F2B2FBF5F200F8142B4E
:10137000F5D10133142B95D01F4A0021D018EEE788
:101380003B78002BA8D09C42A6D91E4A029912781D
:101390008A4204BF03F1FF333B709DE7002213FB39
:1013A00004F30092B3FBFAF3DBB2AEE70023174D70
:1013B0001370661E0523164829461422052B03D1F7
:1013C0000778BC4208BF067011F8017F013AA742B6
:1013D00024BF0E700C7512F0FF0200F10100EDD178
:1013E000013B13F0FF03A5F11405E4D1ACE70123A1
:1013F000ABE700BFE05400209A270020ED26002034
:1014000068100020EC26002054555505E9270020DF
:10141000FE27002073B55C4B5C4C1B785C4E83420E
:1014200005462FD001236C2200215A48A37007F0F3
:1014300011F8082217216846FEF790F903220DF1F2
:101440000101701C07F055F89DF804303371737971
:1014500062789A4205D00022114610466370FFF769
:10146000BFF8182D21D8DFE805F0172F33373B3FA1
:1014700043474B4F53575B5F63676B6F73777B7F5C
:1014800083878B00444A3378127803F003039B1A56
:1014900018BF0123A370DAE7A37833B10022114605
:1014A0001046FFF79DF8FBF75BF900202378013326
:1014B000237038B9394B02221A70A27812B90DB9CB
:1014C00003221A7002B070BD3048FFF7DFFCEDE771
:1014D0002E48FFF7EDFAE9E72C48FFF70DFAE5E7AC
:1014E0002A48FFF7EBFAE1E72848FFF7EDFADDE7D6
:1014F0002648FFF7EFFAD9E72448FFF7F1FAD5E7D6
:101500002248FFF7FFF9D1E72048FFF76DFACDE752
:101510001E48FFF76FFAC9E71C48FFF7F9F9C5E75E
:101520001A48FFF751FBC1E71848FFF753FBBDE727
:101530001648FFF7EBFCB9E71448FFF73BFDB5E7AA
:101540001248FFF7CBFDB1E71048FFF779FEADE792
:101550000E48FFF7C3FBA9E70C48FFF76BFCA5E7B4
:101560000A48FFF76FFCA1E70848FFF773FC9DE707
:101570000648FFF77DFC99E70448FBF7DBFB95E79E
:101580000248FBF741FC91E77D1000207910002014
:10159000E0540020E85400207E1000207810002045
:1015A000012070470120704708B5FFF7FBFF08BD19
:1015B00037B500780138C0B2FFF711F9C0F307243E
:1015C000C5B221462846FFF7EBFF21462846FFF724
:1015D000EBFF03B030BD0000114B70B51B68114D1F
:1015E000114E9847114800241022FF2100F8194B92
:1015F00006F030FF0E481022FF2100F8194B06F0CC
:1016000029FF012328463370FDF7FCFA2B7834704C
:10161000032B03D8BDE87040FEF798BF70BD00BF34
:1016200094990108E0540020F1260020585500202C
:10163000F2260020054B1A7892071EBF044A0021AB
:1016400011701A7822F003021A707047E0540020DB
:101650007810002008B5FFF7EDFF034B172019782D
:10166000BDE80840FEF712B8E0540020024B18789D
:1016700000F00300704700BFE0540020104A1378C8
:101680009B0710B419D0A0B1182814D800F03F005F
:10169000137860F3870313700A4A0024147061B151
:1016A000C3F3010141EA800110BCC9B21720FDF764
:1016B000EDBF0120ECE71820EAE710BC704700BF3F
:1016C000E0540020781000200021FFF7D7BF000071
:1016D000024B1878C0F38500704700BFE05400202B
:1016E000064B1B78C3F385030133DBB2192B01468C
:1016F00034BF18460120FFF7C1BF00BFE0540020EF
:101700000120FFF7EDBF0000064B1B78C3F38503F4
:10171000013B13F0FF03014614BF18461820FFF7E2
:10172000ADBF00BFE05400200120FFF7EDBF000077
:1017300030B4084C2578AD0709D06070A170E27014
:101740002BB1601C032230BC1821FEF70CB830BC52
:10175000704700BFE05400200023FFF7E9BF0000FE
:1017600007B50A49032201A806F0C3FE9DF804301C
:10177000002063F307009DF8053063F30F209DF808
:10178000063063F3174003B000BD00BFE1540020F2
:10179000014B5878704700BFE0540020014B987807
:1017A000704700BFE0540020014BD878704700BF5D
:1017B000E0540020034903464878CA788978083005
:1017C000FFF7B6BFE05400200120FFF7F3BF000091
:1017D000054910B44C78CA788978083C0346A0B211
:1017E00010BCFFF7A5BF00BFE05400200120FFF7A9
:1017F000EFBF000010B4064CA178E2781031FF2949
:1018000028BFFF210346C9B2607810BCFFF790BF24
:10181000E05400200120FFF7EDBF000010B4064C9B
:10182000A178E278103921EAE1710346C9B2607803
:1018300010BCFFF77DBF00BFE05400200120FFF780
:10184000EDBF000010B4094C22789207034602D184
:1018500010BC00F00DB8E278A17860781032FF2A51
:1018600028BFFF2210BCD2B2FFF762BFE0540020B5
:1018700038B5104C104A237803F0030181F00101C0
:10188000054661F301030020237010703DB1C3F3DE
:10189000850341EA8301C9B21720FDF7F7FE2378DB
:1018A0009B0702D0E3782F2B00D938BD2846FFF7DD
:1018B000C9FFF4E7E0540020781000200020FFF773
:1018C000D7BF0120FFF7D4BF10B50A4C237813F01F
:1018D000030304BF084A13702378012262F3010353
:1018E0002370E3782F2B00D910BD0020FFF7AAFF4B
:1018F000F7E700BFE05400207810002010B5074C37
:10190000FFF7E2FF21781720FDF7C0FEE3782F2BC9
:1019100000D910BD0120FFF795FFF7E7E054002044
:101920000120FFF78FBF000038B50C4CE278A1789A
:10193000103A22EAE27203460546D2B26078FFF717
:10194000F7FE23789B0707D0E378302B04D828468E
:10195000BDE83840FFF78CBF38BD00BFE054002021
:101960000120FFF7E1BF0000054B1A78920705D070
:10197000187119B101461B20FDF788BE704700BFE2
:10198000E05400200021FFF7EFBF0000014B187961
:10199000704700BFE0540020044B1B791033FF2B2D
:1019A00028BFFF230146D8B2FFF7DEBFE054002076
:1019B0000120FFF7F1BF0000044B1B79103B23EA25
:1019C000E3730146D8B2FFF7CFBF00BFE054002059
:1019D0000120FFF7F1BF0000014B1860704700BF06
:1019E00074100020FDF75CB908B5034B1B699847DC
:1019F000024B01221A7008BD94990108202700208B
:101A000008B5034B5B699847024B00221A7008BD6A
:101A10009499010820270020014B1878704700BFD7
:101A20002027002038B50E4B0E4A18700E4B0F4C75
:101A30001B78C3F301031370237805460BB1FFF73E
:101A4000DFFFFEF7B3FD35B9237823B9F8F79AF92C
:101A500008B1FFF7C9FF064B03221A7038BD00BF5B
:101A60007D1000207E100020E05400202027002060
:101A7000781000202DE9F0413C4E306801F0E3FF82
:101A8000054602F033F83060394890F800E0002154
:101A9000C5F57F4774468C46FF37CBB29E450FD8BD
:101AA000BCF1000F00D00470324B1B78F3B100245E
:101AB000314D2B78032B32D8DFE803F02433424733
:101AC00001F10C0200EB42020131537892F80280DE
:101AD00043EA08239F4223BF5B1953701B0A04F19A
:101AE000FF3434BF4FF0010C9370D6E7FDF7D2F806
:101AF000224B1B689842DAD8214B1C78A307D6D01A
:101B0000A408D5E71F4B1A491F4800221A701F4B23
:101B100032681A60292206F0ECFC01232B70BDE824
:101B2000F0812046FFF776FC002CF8D02B78022BB2
:101B300001D1FEF74EFEBDE8F0411248FFF738BD77
:101B40002046BDE8F041FFF76DBF114C237823B16B
:101B50000B48FDF759F8002323700C4B186801F06F
:101B600072FF0F28DBD90023D8E700BF1C27002015
:101B7000F226002021270020781000207410002079
:101B8000E0540020791000205855002054550020C2
:101B9000F126002070B5064D064638B12C782CB9D8
:101BA0002046FFF737FC2046FFF73CFF2E7070BD44
:101BB000212700200128F8B50D4617461E460BD8F0
:101BC000124C002254F820001023114602F0EAF8CB
:101BD000044620B902F000F900242046F8BD0C4864
:101BE00005F00F0545F0200502210570477002F051
:101BF000E9F80028EED19DF81810304602F0E2F81E
:101C00000028E7D102F0E8F8E7E700BF80100020E5
:101C1000202800201FB58DF80F30012300930DF10F
:101C20000F03FFF7C7FF05B000BD000007B5C023D5
:101C3000054A0093DA2303FB002301210022FFF76A
:101C4000B9FF03B000BD00BF2228002070B5374E99
:101C5000044656F82000012500F00F01BCB02A46CA
:101C600005FA01F120F00F0004F0C2FE56F824300E
:101C700023F00F0203F00F0305FA03F3138300238D
:101C80001A4603212046FFF7C5FFAA23132203218A
:101C90002046FFF7BFFF0023142203212046FFF751
:101CA000B9FF0423152203212046FFF7B3FF402389
:101CB000162203212046FFF7ADFF182600231A2223
:101CC00003212046FFF7A6FF32460DEB0600002158
:101CD00006F0C0FB00220DEB060300961146C0265D
:101CE0002046FFF767FF324600210CA806F0B2FB42
:101CF0000CAB009629460C2600222046FFF75AFF1F
:101D000032460B490DEB060006F0F3FB0DEB060324
:101D10000096002204212046FFF74CFF2B460022AC
:101D200003212046FFF776FF3CB070BD80100020F5
:101D3000599201086B28F0B523D8124D05EB8004A9
:101D400015F82050104894F801C0A778E67805F0FF
:101D50000305DA2404FB050414F80CE08E4506D1D3
:101D600014F807E0964502D1A45D9C4209D0DA241C
:101D700004FB050000F80C10C2558355012380F8C0
:101D8000C030F0BDB193010822280020F8B5054607
:101D90000E461746002420463B463246294601346B
:101DA000FFF7C8FF6C2CF6D1F8BD00002DE9F04715
:101DB000DFF8B08008EB80044FF0010994F801C00F
:101DC000A678E57818F82040254804F003044FF081
:101DD000DA0808FB040808EBDC080CF0070A98F89E
:101DE000C18006F0070E05F0070709FA0AF971B37A
:101DF00048EA0908DA2101FB040101EBDC0C01EBE4
:101E0000D6018CF8C1804FF0010C91F8C1100CFA8A
:101E10000EFCFAB141EA0C01DA2202FB040202EBE9
:101E2000D60602EBD50286F8C110012192F8C12036
:101E3000B94093B10A43DA2303FB040000EBD50554
:101E4000012385F8C12080F8D930BDE8F08728EA61
:101E50000908CFE721EA0C01DEE722EA0102EAE7FE
:101E600022280020B19301080D49C023002211F857
:101E7000010B013B13F0FF030244F8D1094911F8AB
:101E8000010F0133DBB2C02B0244F8D107EE902AD8
:101E90009FED050AF8EE677A87EE800A704700BF6B
:101EA00022280020FB280020005EA14710B5064C28
:101EB000DA2303FB004494F8C03023B1FFF7B6FEE9
:101EC000002384F8C03010BD222800200A4BDA22FB
:101ED000424313B59C1894F8D91051B1C132134440
:101EE0001821002200911146FFF764FE002384F8B8
:101EF000D93002B010BD00BF2228002010B58021CB
:101F00001048012204F074FD0E4A8023138301F06F
:101F100097FE0020FFF79AFE0120FFF797FE0024AE
:101F20000123E0B21A4619460134FFF73FFF6C2C3B
:101F3000F6D10020FFF7CAFFBDE810400120FFF7EF
:101F4000C5BF00BF0004024008B50020FFF7AEFF88
:101F5000BDE808400120FFF7A9BF0000014B802227
:101F60005A83704700040240014B80221A83704755
:101F70000004024001F084BB2DE9F0414FF0120C47
:101F800046180546194610460027B54201D3BDE85C
:101F9000F08115F8013B83EA0002A2FB0C834801A3
:101FA000540114EB080440EAD2600CFB013343EB0C
:101FB00000034FEAC218A4184FEAC11041EB030313
:101FC0004FEA022E40EA526014EB08044FEA012166
:101FD00043EB000341EA126114EB0E0443EB0103EF
:101FE0000EEB03013819D0E7FCF7F7BD08B5002068
:101FF000FDF724FA00F0010008BD08B5FDF7D0FA9E
:1020000042F2107003F061F8FDF7CAFAFFF7EEFF35
:1020100028B1FFF7E9FFBDE8084001F0CFBD08BDDA
:1020200008B5FFF7EAFF08BD2D2808B517D00DD871
:10203000272806D81D2815D8043819280FD90020BC
:1020400003E0A0F12A035842584108BD40F22D2375
:102050004C2818BF98420CBF01200020F5E7022051
:10206000FCF784FC0120F0E7F8B547F6734398428B
:1020700004460D4605D14B790BB100F0B5F80020B0
:10208000F8BDFCF735FC0646FCF7A8FC074600F057
:102090006BF8E0B300F05CF86B79C3B33E4316F025
:1020A0009D0F44D1B4F5A04F0ED2B4F5804F46D267
:1020B000E62C2CD0A4F50053B3F5005F10D2AB7919
:1020C0000F2B2BD9E4B20BE045F2B4239C421ED077
:1020D00015D845F23F239C420BD8B4F5A44F16D235
:1020E000FCF76CFC2046FFF79FFF00B3FCF7F2FC07
:1020F0000DE0A4F5A443603B3F2B08D9F0E745F27F
:10210000DF239C4205D845F2BF239C42E8D9012039
:10211000B6E7A4F5F843773B012BEEE7C4F30424BC
:10212000142CF4D006D8022C0DD0122C0DD000F0B7
:1021300035F8ECE7162CFAD141F2E624D0E7AB797A
:102140000F2BBFD8E3E7E124CAE7E524C8E7000086
:1021500008B501F001FD034B00F59C5008301880D4
:1021600008BD00BFD6290020014B1878704700BF7A
:10217000D82900207047000010B5074C23784BB9D0
:10218000FCF7E4FBFCF766FCFFF7E2FF01202070A0
:10219000FFF7F0FF10BD00BFD829002010B5054C97
:1021A000237833B12220FBF7A9FF00202070FFF72E
:1021B000E1FF10BDD829002008B5094B1B786BB191
:1021C00001F0CAFC074B1B88C01A80B247F6FE73A9
:1021D000984203D8BDE80840FFF7E0BF08BD00BF44
:1021E000D8290020D6290020034B1B780BB1FFF71C
:1021F000D5BFFFF7C1BF00BFD8290020012070471D
:1022000008B5FFF7FBFF08BD0C4B70B519690C4D05
:102210000C4C2B786FEA113101F00106B3423146C4
:10222000267008D00020FBF739FA3046FFF7E8FFA8
:1022300023782B7070BD0028F4D1FBE70004024026
:10224000D9290020DA29002008B5054820224FF4BA
:10225000805104F0CDFBBDE808400120FFF7D4BF5A
:10226000000402400020FFF7CFBF13B504460DF174
:1022700007020068012100F0EBF823689DF80700D1
:102280000133236002B010BD0420704700F076B81F
:1022900000F093B82DE9F84300F06EF80024002513
:1022A000E7B210E0F2B241463846FBF785FAF2B2E7
:1022B000034641463846013600F07FF8142EF1D12E
:1022C0000135062D03D000265FFA85F8EAE70134D0
:1022D000042CE4D1BDE8F88300F08DB800F0A1B87B
:1022E000032810B406D8052904D8132A02D810BC34
:1022F00000F044B8002010BC70471020704708B5AB
:1023000000F0A3F880B208BD00F0A2B800F0BDB89C
:1023100008B500F032F8BDE8084000F0D0B8000081
:102320000F2873B5054613D800F08FF801AA0121D4
:10233000013800F08DF89DF804404CB900F085F8A4
:1023400006463DB90B4801942A4601A900F01EFD3E
:1023500002B070BDB442FBD001AA0121204600F0BA
:1023600077F89DF804300BB10134F3E7013DEDB28D
:102370000134E6E76B22010870477047032838B53F
:1023800019D8052917D8132A15D852004FF0280359
:1023900011FB03214FF0F00310FB031404F2722031
:1023A000FDF74CF9054604F27320FDF747F940EAC2
:1023B000052080B238BD0020FCE7032838B51D4653
:1023C00018D8052916D8132A14D852004FF028031C
:1023D00011FB03214FF0F00310FB031404F27220F1
:1023E000290AFDF78DF9E9B204F27320BDE83840FF
:1023F000FDF786B938BD70B5144600F2722556183F
:10240000B44200D170BDA5F27223B3F5707F06D23D
:102410002846FDF713F904F8010B0135F0E7002019
:10242000F9E770B5144600F272255618B44200D18F
:1024300070BDA5F27223B3F5707F03D221782846D0
:10244000FDF75EF901340135F0E740F2CE507047F8
:102450002DE9F84300F2326806460F461546444619
:1024600040F2CD59A4EB08039BB2BB4201D3BDE8B7
:10247000F88333444B4506D82046FDF7DFF805F8CE
:10248000010B0134EEE70020F9E72DE9F84300F2F3
:10249000326680460F461446354640F2CD59AB1B96
:1024A0009BB2BB4201D3BDE8F88343444B4503D8FC
:1024B00021782846FDF724F901340135EFE7F0B51E
:1024C00085B010220021684605F0C4FF5D2440F26B
:1024D000CE5540F23267102D2E4628BF10263946C1
:1024E00032466846FDF7F2F8013C3744A5EB060595
:1024F000F1D105B0F0BD000047F61643984210B583
:102500000C461BD1FCF7F4F962790D4B72B100F067
:10251000AA00002813BF01220022292035201A70AA
:1025200001F076F9FCF7D6FA002010BD1B78934233
:102530000CBF2920352001F087F9F3E70120F4E7EB
:10254000DB29002010B504464879002800F00A81F4
:10255000A4F5E044A3B2222B34D88348013CFCF715
:102560004DFB212C23D8DFE814F06D00EB00770041
:10257000340039007C003E00810090004D00E200F4
:102580005200950057009A00C8005C009F00D100DF
:102590006300A600B0004300860048008B0068007E
:1025A000AB00BD00DC00E0002E007200F4006E4ABB
:1025B000137843F0010313706B48FCF721FBFBF722
:1025C000BEFD002010BD684A537843F008035370E5
:1025D000F2E7654A137843F00203ECE7624A1378A6
:1025E00043F00403E7E7604A137843F00803E2E7A7
:1025F0005D4A537843F00103E9E75B4A537843F0BF
:102600000203E4E7584A137843F01003D3E7564A2D
:10261000137843F02003CEE7534A137843F0400386
:10262000C9E7FBF78CFD504A137843F08003C2E7FB
:102630004D4A137843F00C03BDE74B4A537843F0FF
:102640000303C4E7484A137823F00103B3E7464A7B
:10265000537823F00803BAE7434A137823F00203C0
:10266000A9E7414A137823F00403A4E73E4A13780C
:1026700023F008039FE73C4A537823F00103A6E7C1
:10268000394A537823F00203A1E7374A137823F03D
:10269000100390E7344A137823F020038BE7324A83
:1026A000137823F0400386E7FBF749FD2E4A1378A1
:1026B00023F080037FE72C4A137823F00C037AE79A
:1026C000294A537823F0030381E727490B78C3F3A2
:1026D000800282F00102D2B262F3820362F3C3038A
:1026E0000B7069E720494B78DA4302F0010262F38C
:1026F000000362F341034B705EE71B490B78C3F3A1
:10270000801282F0010262F38613E9E7FBF717FDFE
:1027100015490B78C3F3C01282F0010262F3C713AC
:10272000DEE70120FCF772FA46E70020FAE70E49DF
:102730000B78C3F3001282F0010262F30413CFE7B7
:1027400009490B78C3F3000282F0010262F300032F
:10275000C6E705494B78C3F3C00282F0010262F379
:10276000C303C8E701202DE7A854002000EB400375
:10277000C3EB031300EB830003B2002B07DA803BAB
:1027800018B2002800DAFF30001240B270478030E3
:10279000FAE70000164B1B78D90707D5154B1878B8
:1027A00040007F2820D808B3C0B270479A0703D5ED
:1027B000104B18788000F4E75B0703D50D4B1878B1
:1027C000C000EEE70C4B1B7863B10C4A0949127844
:1027D00008789342F4D210FB03F0C000B0FBF2F093
:1027E00080B2DEE70820DFE77F20704701207047D6
:1027F000E22900208F100020E12900208E10002007
:10280000144B1B78D90705D5134B18788008F8B1FD
:10281000C0B270479A0703D50F4B18784008F6E707
:102820005B0705D50C4B18787F28F0D97F207047BF
:102830000A4B1B7853B10A4A074912780878934229
:102840003CBF10FB03F0B0FBF2F0EDE70120DFE747
:1028500001207047E22900208B100020E029002091
:102860008A10002008B5A0F1CD03122B10D8DFE8A4
:1028700003F00A1013192E2E2E2E2E2E2E2E1C2172
:10288000252B363C4100FFF785FF40421C4BD8709A
:1028900008BDFFF77FFFF9E7FFF77CFF4042184BC9
:1028A0009870F5E7FFF776FFF9E7FFF7A9FF144BFC
:1028B0001871EDE7FFF7A4FF4042F8E7FFF7A0FF2C
:1028C00040420F4B5871E3E7FFF79AFFF9E70C4AD4
:1028D000D1385178012383400B435370D8E7094A1C
:1028E000137843F001031370D2E7064A137843F0DC
:1028F0000203F8E7034A137843F00403F3E700BF49
:10290000E3290020E2290020414BCD2893F9032040
:1029100012D1002A01DA0022DA709A78D9780A43B3
:1029200052B20AB93B490A701A795B7913435BB218
:102930000BB9394A13707047CE2802D1002AEADC5D
:10294000EBE7CF2893F9022004D1002AE5DA002230
:102950009A70E2E7D02802D1002AF8DCDDE7D92816
:1029600093F9042004D1002AD7DD00221A71D4E79C
:10297000DA2802D1002AD0DAF7E7DB2893F905201C
:1029800004D1002AC9DA00225A71C6E7DC2802D134
:10299000002AF8DCC1E7D1380E28BED801A252F8CF
:1029A00020F000BFE1290108E1290108E12901081F
:1029B000E1290108E1290108E1290108E1290108CB
:1029C000E12901081B2901081B2901081B2901080D
:1029D0001B290108EF290108FB290108052A010824
:1029E0005A780121814022EA01025A7095E70B4989
:1029F0000A7822F001020A708FE708490A7822F06B
:102A00000202F8E705490A7822F00402F3E700BF62
:102A1000E3290020E1290020E0290020E22900200C
:102A200008B501F099F80A4A9378D1780B435BB264
:102A30000BB1084B18801379527913435BB20BB179
:102A4000054B1880BDE80840014800F0D5BD00BF27
:102A5000E3290020DE290020DC29002008B5062219
:102A60000548002105F0F6FC044A00231370044ACF
:102A70001370044A137008BDE3290020E1290020E7
:102A8000E0290020E229002090F902305BB990F99A
:102A9000033043B990F904302BB990F90500C01AFE
:102AA00018BF0120704701207047000037B5534C14
:102AB00006222146684605F01CFD00239DF80320F0
:102AC000A370E370237163719DF8023013435BB20E
:102AD00053B14B4B188800F0AFFF4A490B7843B312
:102AE000494A127890422EDC9DF804309DF805206A
:102AF00013435BB25BB1454B188800F09DFF44491E
:102B00000B78002B47D0434A127890424DDC3B486B
:102B1000694600F0D9FE18B93848FFF7B5FF08B18B
:102B2000FFF77EFF06226946344805F0E2FC03B059
:102B300030BD394A127802EB8202B0EB420FD3DD8E
:102B400001330B7001E0FF2BFAD19DF902503DB12A
:102B5000FFF720FE002DD4BFFF2301234343A370C2
:102B60009DF903503DB1FFF715FE002DD4BFFF23A3
:102B700001234343E37094F902000028B4D094F990
:102B80000320002AB0D0FFF7F1FDA0701046FFF738
:102B9000EDFDE070A8E7214A127802EB8202B0EB6B
:102BA000420FB4DD01330B7001E0FF2BFAD19DF928
:102BB00004503DB1FFF724FE002DD4BFFF230123B5
:102BC000434323719DF905503DB1FFF719FE002DD8
:102BD000D4BFFF2301234343637194F90400002809
:102BE00095D094F90520002A91D0FFF7BFFD207100
:102BF0001046FFF7BBFD607189E700BFE3290020A5
:102C0000DE290020E129002090100020DC2900208E
:102C1000E02900208C100020911000208D10002051
:102C2000554B2DE9F041C2080C4654491F5C544BEA
:102C30008E5C54499B5C11F8028000F00700034150
:102C4000064148FA00F813F0010506F0010608F005
:102C5000010807D0E120FAF747FF002C3DD1012001
:102C600002F033FA3EB1E620FAF73EFF002C44D1E1
:102C7000012002F02AFA21463846FBF709F8002C19
:102C80004BD0414F40F2E73000214FF47A720023DD
:102C9000E4FB0701F5F760FA02F017FA3EB1E6200F
:102CA000FAF7BDFF002C3AD1012002F00EFA3DB137
:102CB000E120FAF7B4FF002C3FD1012002F005FA21
:102CC000B8F1000F55D02C20FBF704F8002C42D1AE
:102CD0000120BDE8F04102F0F8B9F5F7FFFD2A49FF
:102CE00040F2E7304FF0000CE4FB010C4FF47A7235
:102CF00000236146F5F730FAB2E7F5F7EFFD224918
:102D000040F2E7304FF0000CE4FB010C4FF47A7214
:102D100000236146F5F720FAABE70120BCE71A4E25
:102D2000F5F7DCFD40F2E73000214FF47A72002322
:102D3000E4FB0601F5F710FAB7E7134DF5F7CEFD02
:102D400040F2E73000214FF47A720023E4FB0501E2
:102D5000F5F702FAB2E70C4DF5F7C0FD40F2E730A7
:102D600000214FF47A720023E4FB0501F5F7F4F932
:102D7000AFE7BDE8F08100BFB09A0108409B0108B1
:102D8000509B0108309B0108A08601002DE9F74FF8
:102D90000192344C019FDFF8D08005460E4640F288
:102DA000E73000214FF47A720023E7FB0401F5F7C6
:102DB000D3F94FF00A0982463046A847C8B1012826
:102DC0004BD13046A847431E0446032B07D8DFE803
:102DD00003F002131A1F3046A847FAF77BFFF5F7F6
:102DE0007DFD019B002B36D0504602F06EF9002C81
:102DF000E2D103B0BDE8F08F3046A847FAF774FE81
:102E0000F5F76CFDEBE73046A847FAF708FFF7E760
:102E10003046A8474FF0000B044618F8041011F094
:102E200004010FD1BBF1000F13D00E4F40F2E73079
:102E30004FF47A720023CBFB0701F5F78DF902F00E
:102E400044F9CCE73046A847303C09FB0B4B04461D
:102E5000E3E70120F3E70120C7E70199FFF7E0FE70
:102E6000AAE700BFA086010081A00108F8B51446BA
:102E700042799DF818701D46284B92B11C7000F0E5
:102E80006BFE274B188004F12003DBB2072B44D8DC
:102E900004F007040120A040C0B2BDE8F840FAF7F2
:102EA00021BF1E78A6422ED11D4B188800F0C4FD0C
:102EB000C72828D8AE4205F1200415D006F120031A
:102EC000DBB2072B06D806F007060120B040C0B2DF
:102ED000FAF711FFE3B2072B06D805F0070301202C
:102EE0009840C0B2FAF7FEFE3846E4B2FAF7F2FEB6
:102EF000072C12D805F007050120A840BDE8F840CE
:102F0000C0B2FAF7F8BE04F12003DBB2072B04D8F5
:102F100004F007040120A040F0E7F8BDEC290020F0
:102F2000EA290020A0F5F843183B07B50846062B10
:102F30003AD8DFE803F0161D040F242B32002623B5
:102F40000093E1231A4647F61A41FFF78FFF00204E
:102F500003B000BD27230093E5231A4647F61B4123
:102F6000F3E726230093E022E12347F61841ECE73C
:102F700027230093E422E52347F61941E5E72623BA
:102F80000093E222E12347F61C41DEE7272300936A
:102F9000E622E52347F61D41D7E728230093E522E3
:102FA000012347F61E41D0E74B7913B1024B0022B3
:102FB0001A700120CCE700BFEC29002038B547F695
:102FC0007743984205D047F6784398421BD00120BA
:102FD00038BD4B7993B100F01FF8FBF733F900F0DF
:102FE0001BF8044600F01EF8054600F021F82946BB
:102FF00002462046FBF722FA0020E9E700F00CF831
:10300000FBF72CF9EBE74B7913B100F00BF8E4E791
:1030100000F008F8F4E70000014B1878704700BF93
:1030200094100020014B1878704700BF93100020C7
:10303000014B1878704700BF9210002007B50DF1C2
:1030400007020DF106010DF1050000F0C1F99DF830
:103050000530262B0BD19DF80630092B07D19DF8A2
:103060000700A0F115035842584103B000BD0020ED
:10307000FBE720B115220921262000F0C0B9FF226C
:1030800011461046F9E77047704710B50446FFF740
:10309000FBFF2046BDE8104000F0CBB908B500F0BA
:1030A00096F90020FFF7E5FF0020FFF7EEFFFFF79E
:1030B000F1F8FFF72DF9BDE8084015220921262077
:1030C00000F09DB908B5FFF7DEFF00F0ACF9FFF79F
:1030D000DBFFFFF7B3FF18B9BDE80840FFF7DEBF1D
:1030E00008BDFEF7EBBB08B54B794BB1A0F5EE423E
:1030F0007F2A03D8C0B2FFF713F90023184608BD92
:103100000123FBE7FF230370704710B50378013BF1
:103110000446032B06D8DFE803F002060D10FEF785
:1031200043FB607010BDFEF7A1FA0028F9D0FEF74E
:10313000CFFAF6E7FEF72AFCF3E7FEF729FB60700B
:10314000FEF72CFBA070EDE738B51A49037804466A
:10315000012208789A400243013B0A70032B28D8C9
:10316000DFE803F0020E1B20FEF712FB0546FEF718
:1031700015FB627801462846BDE83840FEF7ECBAF8
:1031800063781BB9BDE83840FEF754BAFEF79CFBE4
:103190006078BDE83840FEF797BA6078BDE83840FF
:1031A000FEF7F0BB6578A478FEF7FEFA21460246EA
:1031B000E1E738BDED29002038B5144C2378022B07
:1031C00004D1134B1A20D978FCF760FA2378042B2A
:1031D00004D10F4B17201978FCF758FA2378102BDD
:1031E00008D10B4D18206978FCF750FAA9781920FE
:1031F000FCF74CFA2378082B04D1054B1B201979D6
:10320000FCF744FA0023237038BD00BFED290020ED
:10321000E0540020024610F8023B082B05D0092B91
:1032200005D0072B05D1FFF78FBFFFF76EBFFFF764
:10323000C3BFFF231370704708B54378032B03D136
:10324000BDE80840FFF7E6BFFFF75CFF08BD2DE9CA
:10325000F04106460C461546F7F7A8FEC0B923789C
:10326000013B122B48D8DFE803F00A15425C626E7E
:103270007171714747767A808B96999CA7000023DD
:1032800063700C23A3702A4621463046F7F790FE60
:10329000BDE8F0816378013B032B2DD8DFE803F014
:1032A000020C0F2100F022FC030EA370030CE3704C
:1032B000030A23716071E6E700F0B5F8F4E7A77838
:1032C00004F10308052FDEDCF8B2FCF7B7F8030CB5
:1032D00008F8033B030A08F8023C08F8010C013720
:1032E000F0E70023A370E37023716371CBE7637889
:1032F000022B04D0052B10D0FF232370C3E7E37803
:10330000A07840EA0320237940EA0340637940EA49
:10331000036000BAFFF7B9FEB5E7A078FFF7E1FE5A
:10332000B1E7E278A1786078FEF7B0FFC0E7627994
:103330002379A178607843EA02235BBAE2789BB2F2
:10334000FEF7A6FF9FE7FEF7A5FF9CE7294620466C
:10335000FFF772FF97E7FEF7D0FF607093E7FEF785
:10336000CEFF030A6370A0708DE76078A378E178E0
:1033700040EA032040BA221D80B2FEF7C5FF82E773
:103380006078A378E17840EA032040BA221D80B239
:10339000FEF7BCFF77E7FEF7BBFF74E7FEF774FFAD
:1033A000DBE76078A378E17840EA032040BA221D89
:1033B00080B2FEF791FF66E76078A378E17840EA93
:1033C000032040BA221D80B2FEF788FF5BE77047FA
:1033D00070B506460D46144620B140F26E20FCF74B
:1033E0002DF9307025B140F26F20FCF727F92870D5
:1033F00024B14FF41C70FCF721F9207070BD38B572
:103400000D46014640F26E201446FCF779F9294634
:1034100040F26F20FCF774F921464FF41C70BDE8B0
:103420003840FCF76DB908B540F27120FCF706F999
:1034300008BDC1B240F27120FCF762B9014B1878A7
:10344000704700BF2C2A0020A0F58073B3F59E4F73
:1034500009D2C0B2031F232B09D92B380D288CBFEA
:10346000002001207047FF28F4D900207047012078
:10347000704708B5FFF7E8FF08BD000008B5FFF783
:10348000F8FF58B1064B074A197832F9113047F660
:10349000FF7083421CBF013322F8113008BD00BF0A
:1034A000F4290020F62900202DE9F8432E4B2F4F58
:1034B000B3F9006039780122984691424FDA2C4DD9
:1034C000286800F0C0FA26EAE6744EF660233A78DF
:1034D0005C434FF0C80312FB030303EB8303B4FB0D
:1034E000F3F4F02C28BFF024C82814DD21490B7810
:1034F0001920172A03F1010328BF1722B3FBF0FCA0
:1035000000FB1C330B700132002128F813103A70B5
:1035100000F0ECFA2860DFF86890DFF86880D9F8EE
:103520000000154D154F012ED8BF002400F08BFA76
:103530006428064607DD00F0D9FA2B78C9F80000A8
:1035400088F800303C7098F800303878C01A704322
:10355000642290FBF2F003442B70BDE8F88333F94A
:10356000020F01320644A8E7F6290020951000203A
:10357000282A0020F42900202C2A0020EE290020EF
:10358000F0290020EF290020014B1860704700BF90
:10359000342A0020014B1868704700BF342A0020ED
:1035A00008B500F007FA431E5842584108BD000014
:1035B000034B1B6813B11B6803B1184718467047CB
:1035C000342A002008B5FFF7F3FF08BD034B1B6842
:1035D00013B15B6803B11847704700BF342A00205D
:1035E000044B1B6823B19B6813B106210170184777
:1035F000704700BF342A0020044B1B6823B1DB68EE
:1036000013B1022101701847704700BF342A00200F
:103610000B4B07B51A8882420FD01880094B1B68E4
:103620005BB11B694BB103228DF80500000A8DF8D0
:1036300006008DF8042001A8984703B000BD00BF24
:10364000302A0020342A00200B4B07B51A8882420A
:1036500010D01880094B1B6863B11B6953B1042259
:103660008DF80500000A8DF806008DF804200DEB9A
:103670000200984703B000BD2E2A0020342A002003
:10368000034B1B6813B15B6903B11847704700BF58
:10369000342A0020034B1878034B1B781844C0B21F
:1036A000704700BF8A1A0020891A002010B504460E
:1036B00008B9002010BDFFF773FF20B10E4B1B7837
:1036C0000BB1EF2C0AD90D4B1B685A1C073312F8AB
:1036D000011FA1420DD09A42F9D1EAE7084B1B68BD
:1036E00003EBD40304F007029B781341DB07EAD510
:1036F000E0E70120DEE700BF891A00205810002013
:103700005410002030B50022441C4FF0FF3314F851
:10371000015F8D4214D0B3F1FF3F01D105B953B21F
:103720000132062AF3D15A1C0AD0064A18441378EB
:10373000817043F001031370034A1378013313704F
:1037400030BD00BFA65400208A1A0020F0B50C4FEF
:103750000C4E3C7832780025431CAC46073013F8F9
:1037600001EF8E4501BF83F800C044F0010402F16F
:10377000FF3201258342F2D10DB13C703270F0BDB1
:10378000A65400208A1A0020EF2910B515D800EBA6
:10379000D10001F00701837843FA01F2D20708D47F
:1037A000064C227842F002022270054C2278013247
:1037B000227001228A401343837010BDA65400205A
:1037C000891A0020EF2930B51CD800EBD102012561
:1037D000937801F0070105FA01F443FA01F111EAC7
:1037E00005000BD00848017841F00201017007483C
:1037F00001780139017023EA0403284623EA04030F
:10380000937030BD0020FCE7A6540020891A0020E8
:1038100010B50446FFF7C4FE214648B1074B1B789C
:10382000062B05D1064BBDE810401868FFF7ACBF6A
:10383000044BBDE810401868FFF764BF8A1A0020E7
:10384000541000205810002010B50446FFF7A8FEC1
:1038500030B9094B21461868BDE81040FFF776BF24
:10386000064B1B78002BF4D0054B21461868FFF758
:10387000A9FF0028EDD010BD58100020891A0020A3
:103880005410002038B5FFF78BFE0C4C50B10C4B98
:10389000257818681E220021023045F0020504F048
:1038A000D9FD2570074B186806220021023004F06C
:1038B000D1FD237843F00103237038BDA6540020C6
:1038C000541000205810002042784B789A421DD1A5
:1038D00090F902301BB191F902209A4216D190F969
:1038E00003301BB191F903209A420FD190F90530B2
:1038F0001BB191F905209A4208D190F9040030B12A
:1039000091F90430181A18BF012070470120704740
:1039100082B002B0704707B5FFF7FAFF03B000BDF1
:1039200007B5064904220130C8700DEB020004F00F
:10393000E0FD0198FFF7EFFF03B000BD96100020F7
:1039400007B5074A06490323D37004220DEB020092
:1039500004F0CFFD0198FFF7DEFF03B000BD00BF0C
:1039600096100020FFF7DCBF07B5074A0649012380
:10397000D37004220DEB020004F0BBFD0198FFF7A9
:10398000CAFF03B000BD00BF96100020FFF7ECBFD8
:1039900007B50038064918BF0120042288700DEBD6
:1039A000020004F0A6FD0198FFF7B5FF03B000BDCB
:1039B00096100020014B9878704700BF96100020A9
:1039C00007B50649042248700DEB020004F091FD92
:1039D0000198FFF7A0FF03B000BD00BF96100020C4
:1039E000014B5878704700BF9610002007B5064974
:1039F000042208700DEB020004F07BFD0198FFF734
:103A00008AFF03B000BD00BF9610002070477047CA
:103A10007047704710B5FFF7F9FFFBF7C1FDFFF7DF
:103A2000F6FF0024E0B2FBF709FD18B90134062CBB
:103A3000F8D110BD0120FCE710B5044600F08CF869
:103A4000001B80B210BD10B5044600F04FF8001BFB
:103A500010BD000008B51022002104F0FBFC044A50
:103A6000034602F5216007C883E80700184608BD31
:103A70000070FF1F08B501F07FFCBDE8084001F0B1
:103A800099B808B5F9F796FFBDE8084040F2A46080
:103A900001F01BBB08B5FAF759FFFAF78FFFFFF7E4
:103AA000F1FEFEF7DBFF0020FFF7B2FD0020FFF77D
:103AB000CBFDBDE80840F9F78BBF000008B5302307
:103AC00083F3118801F06DFC044B054A1860002354
:103AD0001360044A136083F3118808BD402A002054
:103AE0003C2A0020382A0020FFF7E8BF70B501F01B
:103AF00087F8134E054601F054FC124933680A68F2
:103B0000C41AA242104A0AD9A3F58333E03B1068D5
:103B100033600E4B04F58334C318E0341360284639
:103B200016680C6001F075F809480A4A4FF47A7576
:103B300000210023E4FB0501F4F70EFB304470BDC7
:103B4000402A00203C2A0020382A002088598F0271
:103B50009F860100A086010008B5FFF7C7FF80B26D
:103B600008BD0000BFF34F8F0549064BCA6802F439
:103B7000E0621343CB60BFF34F8F00BFFDE700BF90
:103B800000ED00E00400FA05014B024A1A6070479C
:103B9000FCFF0020EFBEADDE034B1868034BC31AD9
:103BA00058425841704700BFFCFF0020EFBEADDE19
:103BB000014B00221A607047FCFF002008B5FFF798
:103BC000E3FFFFF7CFFF08B5FFF7CCFF08B5FFF71E
:103BD000E3FF80B3FFF7ECFF72B6BFF34F8FBFF385
:103BE0006F8F154B5A6A22F480325A62D3F89420B0
:103BF00022F00102C3F894204FF0E0220023136169
:103C00004FF0FF31936153619A0002F1604202F577
:103C100061420133082BC2F88010C2F88011F3D141
:103C2000002383F31488054B1A6882F3088862B670
:103C30005B689847FEE708BD00ED00E00000FF1F4D
:103C4000184B10B51C785CBB01221A70164822462E
:103C5000202102F0CDFE14482246802102F0C8FE49
:103C600022464021104802F0C3FE4FF47A7001F062
:103C70002CFA0D4840F29A22202102F0B9FE0A489F
:103C800040F29A22802102F0B3FE074840F29A22C5
:103C9000402102F0ADFE054801F09DFD044B1C7073
:103CA00010BD00BF442A0020000002401857002029
:103CB000602A002038B5384D0446384801F0E7FD49
:103CC0002B7823B1354801F0E5FD002038BD21688F
:103CD0004B1CF7D0E388022293422FD8931EFE2B71
:103CE000F0D820792E4BC00198826479022C28D01C
:103CF000032C29D0012C02D140F001009882202A07
:103D00003DD024D8082A32D0102A34D0042A29D011
:103D1000012421F00F0001F00F011961224604FA7D
:103D200001F1D8602C7002F063FE1D491B4801F0C0
:103D300041FD1A4801F05DFD2046C7E7520092B2EE
:103D4000CAE740F00200D9E740F00300D6E7802A36
:103D500019D0B2F5807F1AD0402AD9D19A8A42F080
:103D6000280202E09A8A42F008029A82D0E79A8AF0
:103D700042F01002F9E79A8A42F01802F5E79A8AAF
:103D800042F02002F1E79A8A42F03002EDE79A8A87
:103D900042F03802E9E700BF602A002018570020EF
:103DA000482A00201FB50190ADF80A3001A8012370
:103DB0008DF808108DF809200393FFF77BFF05B0FD
:103DC00000BD000008B50246024801F04FFD00208A
:103DD00008BD00BF1857002010B5084C23783BB130
:103DE000074801F013FD064801F0F5FC002323709D
:103DF000BDE81040024801F04DBD00BF602A002020
:103E0000185700207047000070B590F8442002F069
:103E10007F03212B04464FD112F0800F90F84530DC
:103E20001ED0022B18D0032B05D0012B18D1BDE8D2
:103E3000704000F01BBD90F8483090F8491053EAEC
:103E4000012539D1FFF7B6FD314BA363187001226C
:103E5000E2632564012070BDBDE8704000F032BE11
:103E60000A2B20D00B2B0FD0092B25D194F84830EA
:103E700094F8491043EA012323F00203E3B9254BE8
:103E8000254DA3630222E3E794F8483094F84920D3
:103E900053EA022303D194F84600FFF779FD00228C
:103EA000A2630025D4E794F84700FFF79FFD204662
:103EB000BDE8704000F02EBE02F09F02812A18D1AA
:103EC00094F84530062B14D194F84920616894F891
:103ED00048304D6894F8461043EA0223204694F88F
:103EE0004720A84708B90020B5E743680268A363E4
:103EF000D7E70A4E0325D6F89C3023B9013D06F1D9
:103F0000A806F8D1EFE7204698470028F6D0A1E7A9
:103F10006C2A0020702A0020653F01089C110020B7
:103F2000F8B50F4C2346002243F8042F90F84B704D
:103F300090F8496090F8465090F84A2090F8481060
:103F400090F8470042EA072241EA062145EA0020AC
:103F500000F0CCF920606068002818BF2046F8BD4A
:103F6000642A002090F84A2090F84B00074942EA62
:103F70000022022A0B7806D1012B01D0062B04D196
:103F80004878FFF71DBD1846FBE77047702A0020F0
:103F900010B5064A064C117824784B1C03F00F0329
:103FA0009C421EBF034C1370605410BD91550020FD
:103FB000925500208155002008B50846052939D8BA
:103FC000DFE801F0203803202039302383F3118803
:103FD000234800F0CBFA234800F0C8FA224800F04A
:103FE000C5FA224800F0D2FA002383F31188204B4F
:103FF0001B7813B10520FFF7CBFF0220BDE8084076
:10400000FFF7C6BFFFF7C4FF302383F3118810B951
:104010000120FFF7BDFC124800F081FA114800F0C2
:104020007EFA114800F07BFA104800F08CFA002369
:1040300083F3118808BD302383F31188084800F00A
:104040008FFA084800F08CFA074800F089FA074810
:1040500000F089FA002383F311880520CEE700BF22
:104060009C11002044120020EC12002010110020AE
:10407000722A002008B510220448002104F0EAF951
:10408000034A00231370034A137008BD81550020B2
:10409000915500209255002070B5294D294C2E785D
:1040A00023780022B34232D102B1237070BD237055
:1040B000254B1A70254B93F84F10081E18BF01208E
:1040C000FFF73EFCEBE723701F4B00221A70FFF74F
:1040D000E1FC1E4B93F84F10081E18BF0120FFF79C
:1040E00041FCDCE72370194B93F84F10081E18BFF2
:1040F0000120FFF715FCD2E7002123700846F8E7FE
:104100002370FFF731FC0120FFF742FCC7E7194697
:104110000F48415C013303F00F0301220529C1D888
:1041200001A050F821F000BF01410108A54001089D
:10413000E5400108F9400108AF400108C740010807
:104140009155002092550020722A0020AC56002084
:104150008155002070B5104C06460025204600F021
:104160008FF90135204600F0BBF9032D04F1A804B6
:10417000F4D10A4800F0A0F9084800F0C1F930462F
:1041800001F0ACFB41F2883000F09FFF304604495B
:10419000BDE8704001F08FBB9C1100201011002081
:1041A000609B010837B5064C0023A825009305FB4A
:1041B000004042F2107300F060FA03B030BD00BF5F
:1041C0009C11002010B50446FFF7F4FB214608229D
:1041D000BDE810400120FFF7E5BF01462022002086
:1041E000FFF7E0BF014606220020FFF7DBBF0146D4
:1041F00003220020FFF7D6BF20290A4603D101463B
:104200000220FFF7CFBF704700B589B007480023F1
:104210002022694600F09AFA08B909B000BD2022B0
:1042200069460020FFF713F8F0E700BF10110020E7
:10423000FFF7CCBC7047704708B5FFF7F9FF03F0F4
:1042400079FDFFF7F7FF08BD08B503F0B3FDFFF7F1
:10425000F2FF08BDFFF79ABB08B5FFF70BFF044854
:10426000FFF778FFBDE8084041F2883000F02DBF2D
:10427000AC5600200148FFF787B900BF9C10002012
:10428000FFF70ABF00F0A4BB30B5144B1C7885B013
:1042900014BB012268461A70FFF7DCFB2346104A64
:1042A000104C04A901EB630111F8100C050902EB95
:1042B0004301655D8D700025CD7000F00F00591C25
:1042C00002EB41010233205C8870202BCD70E8D1D5
:1042D000422313700323537005B030BD732A0020AE
:1042E000742A0020709B0108704700002DE9FF41EF
:1042F0000D46010A00240329064690461F46ADF8E4
:104300000E402CD012D801291FD0022922D00DF145
:104310000E033C603046009342463B462946FFF779
:10432000E3FFBDF80E0004B0BDE8F081212933D0D1
:104330002229ECD1012D49D0022D42D0002DE6D109
:104340004423254CADF80E30E1E71223234CADF8A1
:104350000E30DCE75B23224CADF80E30D7E7C3B25A
:10436000032B37D8DFE803F002070C1104231D4CA0
:10437000ADF80E30CBE712231B4CADF80E30C6E77C
:1043800022231A4CADF80E30C1E7194CFFF77CFF21
:104390002378ADF80E30BAE7012D0DD0022D06D0EE
:1043A000002DB4D10923134CADF80E30AFE709232B
:1043B000114CADF80E30AAE70923104CADF80E30C1
:1043C000A5E7B6230E4CADF80E30A0E70D4CADF8C6
:1043D0000E109CE700249AE7A79C0108BD9B0108EA
:1043E000B4100020B99B0108A59B0108819B01081E
:1043F000742A0020C6100020FF100020DF100020CB
:10440000F19B0108CF9B010813B5446BD4F88820B9
:104410001378042B13D194F88C10128901238B404C
:1044200013420CD101A9204601F09BF8024630B19D
:10443000019B94F88C10D4F8880001F0C7FA02B000
:1044400010BD10B5026F1378042B044613D190F8F9
:104450007410528901238B4013420CD100F0D8FF15
:10446000024640B1E36994F87410206F043BBDE844
:10447000104001F099BA10BD406BFFF7E2BF000099
:104480001FB500F15C03C36490F8843013B100F1F0
:1044900070030365074B0193D0F890300093D0F878
:1044A0009820D0F894300290012101F037F805B03F
:1044B00000BD00BF094401081FB500F15C0303659E
:1044C000064B0193836F0093D0F88020C36F029056
:1044D000012100F07BFF05B000BD00BF7944010859
:1044E000302383F31188D0F8883090F88C2003EBC8
:1044F00082039861002380F8A03083F3118870470D
:10450000302383F3118890F87430026F093342F836
:104510002300002380F8843083F31188704701233F
:1045200010B56FF001010372044600F00EFE204644
:1045300001F00BF8D4F8A43023B1BDE81040DA68DC
:104540001868104710BD10B50123044603726FF0C0
:10455000010100F0FAFD2046BDE8104000F04DBF1B
:1045600000230372704700230372704710B500F1F7
:10457000380290F88C100446D0F8880001F0D6F983
:10458000204600F0E2FF0023237210BD10B5044660
:1045900000F033FF002323722046BDE81040FFF7F0
:1045A00050BF00EB8103F7B59C6905460E4684B306
:1045B000302383F311880023226984F8A0306369D3
:1045C0009A4201D1E368B3B905EB8603DB685B6906
:1045D0001B6883B1D4F8A43053B101A9204600F080
:1045E000C0FFD4F8A430019A9F6801461868B84704
:1045F000204600F0C4FF01A9204600F0B2FF0246A9
:1046000048B1019B3146284601F0E0F9002383F3CD
:10461000118803B0F0BD05EB8603DB681A68022A37
:10462000F4D15A691268002AF0D01B8A013B13406A
:10463000ECD105F14402E5E701F1090310B550F8AA
:104640002340CCB1302383F3118800EB8100C36891
:104650009B695B6853B1236F94F8742003EB82036A
:104660002046DB689B69596800F0DCFE2046FFF7B6
:10467000E8FE002383F3118810BD2DE9F8431D46A1
:104680009DF82070044688461646302383F311882F
:10469000D0F888301B78042B4FF0000003D080F353
:1046A0001188BDE8F88394F8A03023B101354FF0AC
:1046B000FF3518BF002580F311882B46324641464E
:1046C000204600F097FF86421DD9302383F31188DE
:1046D00094F8A030002808BF43F0010384F8A0300C
:1046E000012323726FF00101204600F02EFD4FF0F0
:1046F0000009204600F029FF84F8089000F050FCE3
:1047000089F31188D9E70FB10120CAE7204600F0EC
:10471000B4FFF9E7302383F31188026943699A42B1
:1047200010D1C36883B1D0F8882090F88C1012891A
:1047300001238B4013420CBF01200020002383F390
:10474000118870470020F9E71846F7E738B5154695
:104750000446302282F31188026F1278042A4FF047
:10476000000002D080F3118838BD94F8842022B173
:1047700001334FF0FF3318BF002380F311882A461E
:10478000204600F08AFEB0FA80F35B0984F884309A
:104790002B1A58425841E7E7F8B5066805460F4618
:1047A00014465EB100F0FDFD706028682246846406
:1047B00039460830BDE8F84003F09BBEF8BD0168FB
:1047C000134631B18A6C9A64083103F1080003F092
:1047D00090BE704710B50446006840B1826C00215D
:1047E000083003F037FE236800221A605A6010BDBB
:1047F0002DE9F0410C78082C07460D46164612D8D4
:1048000050F82480B8F1000F0DD000F0CAFDC8F8B0
:10481000040057F824003246866429460830BDE873
:10482000F04103F066BEBDE8F0810829134609D8BF
:1048300050F8211031B18A6C9A64083103F10800F4
:1048400003F057BE704770B5051F00F12004002625
:1048500055F8040F38B1826C0021083003F0FAFDDE
:104860002B681E605E60A542F2D170BD38B590F82D
:104870004830022B04461CD890F84610082918D856
:104880000D4AD25C022A14D80C4BA82000FB02333C
:10489000D3F8A40060B10A4D436800682A469847DF
:1048A00005F10803A363AB6CE363002323640120D9
:1048B00038BD0020FCE700BF981100209C110020AB
:1048C000E82C0020036843B19100196003490B787C
:1048D000002A18BF43F001030B707047342D0020ED
:1048E000006810B10068C0F387007047036870B5B6
:1048F0000BB9002070BD302383F3118803680025B5
:10490000D3E9004685F31188002CF2D000F049FD70
:10491000801B084E084A29464FF47A75E0FB056172
:1049200000233046F3F718FC84428CBF002001209E
:10493000E0E700BF9F860100A08601004B1E072B09
:104940000BD850F8213043B19100196003490B781E
:10495000002A18BF43F001030B707047342D00206C
:10496000082906D850F8210020B10068C0F387005C
:104970007047002070470000082970B501D9002059
:1049800070BD50F82130002BF9D0302383F311880B
:1049900050F821300025D3E9004685F31188002C1A
:1049A000EDD000F0FEFC801B074E084A29464FF46C
:1049B0007A75E0FB056100233046F3F7CDFB8442B6
:1049C0008CBF00200120DBE79F860100A08601004C
:1049D0002DE9F84F384B1B78002B41D00025374F7D
:1049E0002E464FF03008A946D7F8A440002C30D00E
:1049F000002D37D14FF0010A88F3118863692068D0
:104A00005FFA8AF19847002818BF46F0010689F33B
:104A100011882A48FFF77EFEB0B1A36920685FFACB
:104A20008AF1984780B188F31188254A6368206825
:104A30005FFA8AF1984789F31188214B00209A6C1C
:104A400003F10801FFF7AEFB0AF1010ABAF1090F01
:104A5000D2D10135032D07F1A807C5D1164B1E7021
:104A6000BDE8F88F88F311880021636920689847B2
:104A7000002818BF46F0010689F311883846FFF771
:104A800049FE0028E5D0A369206800219847002846
:104A9000DFD088F31188DFF828A0636820685246C9
:104AA0000021984789F31188DAF848200AF10801B3
:104AB000E8B2FFF777FBCCE7342D00209C110020F3
:104AC0009C2C002010B590F84830022B044619D8D1
:104AD00090F84610082915D80B4AD25C022A11D842
:104AE0000A4BA82000FB0233D3F8A40048B1436965
:104AF00000689847064BA363187001200023E06309
:104B0000236410BD0020FCE7981100209C110020B8
:104B1000982C002010B590F84830022B044619D884
:104B200090F84610082915D80B4AD25C022A11D8F1
:104B30000A4BA82000FB0233D3F8A40048B1036954
:104B400094F84720006898470023A363E363236435
:104B5000012010BD0020FCE7981100209C110020CE
:104B600070477047FEE70000114AF0B508200026A4
:104B7000516813689468043B0D46AC4210D8E31C9E
:104B80005B1ACD1E23F00303AC4238BF00230B4455
:104B9000D168994209D8013802F11002E8D1F0BD7C
:104BA00053F8047F45F8047BE7E743F8046BF0E72C
:104BB000EC9C010838B5084C012300252370656082
:104BC00000F0AEFB0549064800F0F8F90223237017
:104BD00085F3118838BD00BF985500206C9D0108F1
:104BE000A055002072B6034BD865034B03221A7000
:104BF000FEE700BFA05500209855002000F0EAB85D
:104C0000EFF3118020B9EFF30583302282F311888E
:104C1000704710B530B9EFF30584C4F3080414B13C
:104C200080F3118810BD00F0BBF984F31188F9E717
:104C3000034A516853685B1A9842FBD8704700BF1B
:104C4000001000E0024AD36A0343D362704700BFFA
:104C5000A055002010B503689C68A2420CD85C687F
:104C60008A600B604C60216059609968891A99606C
:104C70004FF0FF33836010BD1B68121BECE7022965
:104C800038BF022170B504460D460226601900F0B7
:104C900099FB00F086FB041BA54203D8751C2E4629
:104CA0000446F3E7022E04D9BDE870400120FFF767
:104CB000C9BF70BDF8B5144B0D46D96103F11001A1
:104CC0004160022A1969826038BF0222016048608F
:104CD0001861A818144600F068FB022600F061FB7A
:104CE000431BA342074606D3741C281900F06AFB35
:104CF00026463D46F2E7022E04D9BDE8F8400120E1
:104D0000FFF7A0BFF8BD00BFA055002070B50D464D
:104D1000064600F046FB0F490B4653F8102F9A4207
:104D200006D12A4601463046BDE87040FFF7C2BFB3
:104D3000CB69C41A2C19936828BF2C46A34202D908
:104D40002946FFF79CFF224631460348BDE87040E4
:104D5000FFF780BFA0550020B0550020036100235D
:104D6000C2604361FFF7D2BF10B5194C2369984266
:104D70000DD003684268816813605A609A680A44DB
:104D80009A60002303604FF0FF33A36110BD2346F8
:104D9000026843F8102F53600022026022699A4291
:104DA00003D1BDE8104000F008BB936881680B4454
:104DB000936000F0F6FA2269E3699268C41AA2428D
:104DC000E4D91344BDE81040191AFFF758BF00BFDB
:104DD000A05500202DE9F843294E2A4F356900F0EF
:104DE000E0FAF469AA68011B8A423BD82B68144494
:104DF0006A68F4614FF0000813605A60C5F80080DB
:104E00003369BB4201D100F0D8FA88F31188EB680E
:104E1000296928469847302383F311886B69002B52
:104E2000DCD000F0BEFA6A69A0EB04084245814676
:104E30000CD20220FFF706FF00223369BB4208D1E3
:104E400049462846BDE8F843FFF734BF2244121A0A
:104E5000F3E712EB08080B4838BF42462946FFF734
:104E6000F9FEBAE73169B94207D01444211AF0615A
:104E7000A960BDE8F843FFF702BFBDE8F88300BFB3
:104E8000A0550020B05500200023037582680369F7
:104E90001B6899689142FBD25A68036042601060B7
:104EA0005860704700230375826803691B6899681E
:104EB0009142FBD85A6803604260106058607047A6
:104EC00008B5302383F311880A7D0023052A06D80C
:104ED000DFE802F00C050503130F8A6913604FF039
:104EE000FF338B610846FFF7CFFF002383F3118860
:104EF00008BD8A699368013393604A680B68136040
:104F00005A60ECE7FFF7C0BF054BD9680875186811
:104F100002681A60536001220275D860F3F702B983
:104F2000A055002030B50C4BDC684B1C87B0054603
:104F30000FD02346094A6846FFF710FF2846FFF7BF
:104F4000E3FF009B13B16846FFF70EFFA06907B0AF
:104F500030BDFFF7D9FFF9E7A0550020C14E010889
:104F6000044B1A68DB6890689B68984294BF0020E5
:104F700001207047A0550020084B10B51C68D86868
:104F800022681A60536001222275DC60FFF78AFFF5
:104F900001462046BDE81040F3F7C4B8A0550020F4
:104FA000044B1A68DB6892689B689A4201D9FFF744
:104FB000E3BF7047A055002030BFFDE770B51B4B25
:104FC0000025044686B0856201630E46586000F0F5
:104FD00059F904F11003236163614FF0FF33A361BA
:104FE00024606460A560E562E56100F0DAF92B46B3
:104FF0000246C4E9082304F134010D4AE565802323
:10500000204600F01BF80123E0600A4A0375009275
:1050100072680192B268CDE90223074B6846CDE978
:10502000043500F03DF806B070BD00BF9855002073
:10503000699201086E920108B94F01088B60022243
:105040004B62002308618A820B62CB61084670477D
:105050008368C168A3F18C0243F81C2C026943F8F1
:105060004C2C426943F8482C0B4A43F82C2C022262
:105070000A4803F8142C002243F8180C43F8201CAB
:1050800003F8132C43F8041C43F8082C43F80C2CA9
:10509000A3F12800704700BF3D810008A055002003
:1050A00008B5FFF7D5FFBDE80840FFF72BBF0000AC
:1050B000024BDB6898610F20FFF726BFA055002048
:1050C000302383F31188FFF7F3BF08B5014630237F
:1050D00083F311880820FFF725FF002383F311884D
:1050E00008BD000031B1054BDB6803609861032007
:1050F000FFF718BF4FF0FF30704700BFA0550020EA
:1051000003682BB10022026099611846FFF7FABECE
:105110007047000049B1064B4268DB6818605A606E
:10512000136043600420FFF7FDBE4FF0FF3070476F
:10513000A05500200368984206D01A6802605060AB
:1051400099611846FFF7DEBE704738B504460D4634
:105150002068844200D138BD036823605C608561AB
:10516000FFF7D0FEF4E710B503461B68984203D062
:105170009C688A689442F8D25A680B604A60116051
:10518000596010BD002300604060836070470000DC
:1051900038B58168164B0546DC6891B9236A84608E
:1051A000C360206238BD8B600B7D7BB1062B14D1B0
:1051B0000B684A68886913605A60FFF7D4FF8B69EF
:1051C0009968A3688A689A42EDD306E04A680B683A
:1051D000136008465A60FFF795FE28462146FFF700
:1051E000C2FFA5610620BDE83840FFF78DBE00BFB5
:1051F000A055002008B5302383F31188FFF7C8FFBE
:10520000002383F3118808BD154A10B5D168034601
:10521000302282F31188C26800680A6298421BD06B
:10522000486A82B98860186802681A605360026A26
:105230009860DA600362FFF765FEFFF7B1FE0023B6
:1052400083F3118810BD1468A24203D0A468A04261
:1052500038BF2046D268E4E700238360EFE700BF51
:10526000A0550020EFF3098305494A6B22F00102A3
:105270004A63683383F30988002383F311887047F6
:1052800000EF00E0302080F3118862B60C4B0D4A2D
:10529000D96821F4E0610904090C0A43DA60D3F803
:1052A000FC20094942F08072C3F8FC200A6842F0F1
:1052B00001020A602022DA7783F82200704700BFDB
:1052C00000ED00E00003FA05001000E010B5302307
:1052D00083F311880E4B5B6813F4006314D0F1EE76
:1052E000103AEFF30984683C4FF08073E361094B97
:1052F000DB6B236684F30988FFF732FE10B1064B9F
:10530000A36110BD054BFBE783F31188F9E700BFEC
:1053100000ED00E000EF00E04F810008528100083E
:10532000024B034A1A60034A5A6070470056002035
:105330005057002000000120094B30B51C684D1E5D
:10534000224449422A440A4059681044884204D8F9
:10535000A04202D31860104630BD0022FBE700BF18
:105360000056002008B5302383F31188FFF7E4FFCF
:10537000002383F3118808BD08B500F0EBFE01F0AF
:1053800029FB00F0D9F900F00BFA00F086FA00F0E2
:10539000FAF9FEF759FFBDE8084000F000B802F046
:1053A00081BC4FF08043586A70474FF08043002221
:1053B00058631A610222DA6070474FF0804300227E
:1053C000DA6070474FF080435863704730B5039CF4
:1053D0000172043304FB0325C361049B03630021B2
:1053E000059B00604060C1604261026185610462AA
:1053F00042628162C162436330BD416A4161002201
:105400000161C2608262C2626FF00101FFF79DBE5E
:1054100003694269934201D1C2680AB9181D7047F5
:105420000020704703691960C2680132C260C26916
:10543000134482690361934224BF436A03610021DC
:10544000FFF778BE38B504460D46E3683BB16269A4
:10545000131D1268A3621344E362002007E0237A5D
:1054600033B929462046FFF755FE0028EDDA38BD4E
:105470006FF00100FBE7C368C269013BC360436989
:10548000134482694361934224BF436A436100230A
:105490008362036B03B1184770472DE9F84F044648
:1054A0000F4691469B464FF0300888F3118800263E
:1054B000B246A56A4DB959462046FFF7C3FF20B151
:1054C00085F311883046BDE8F88FA16AE56AA9EB3B
:1054D00006036D1A9D4228BF1D46402D15D938463A
:1054E000402203F006F8A36A403740334036E26AB0
:1054F000A3629A4202D82046FFF7BDFF8AF31188C3
:105500004E45DFD288F31188D3E738462A4602F0A9
:10551000F0FFA36A2F442B442E44E8E710B5029C09
:105520000172043303FB0421C36100238362C3625D
:10553000039B0363049B00604060C460426102619E
:10554000816104624262436310BD026AC260426AC2
:105550004261026100228262C2626FF00101FFF7C4
:10556000F4BD034640691A69824201D1DB681BB968
:1055700050F8043B0B60704700231846FAE7C368F5
:10558000C2690133C3604369134482694361934232
:1055900024BF436A43610021FFF7CCBD38B5044600
:1055A0000D46E3683BB123691A1DA262E269134408
:1055B000E362002007E0237A33B929462046FFF74B
:1055C000A9FD0028EDDA38BD6FF00100FBE70369A3
:1055D0001960C268013AC260C269134482690361FA
:1055E000934224BF436A036100238362036B03B1C8
:1055F000184770472DE9F84F04460F4691469B46E1
:105600004FF0300888F311880026B246A56A4DB9DC
:1056100059462046FFF7C2FF20B185F31188304676
:10562000BDE8F88FA06AE56AA9EB06032D1A9D4232
:1056300028BF1D46402D17D93946402202F059FF98
:10564000A36A403740334036E26AA3629A4204D8E4
:10565000E16920460439FFF7BAFF8AF311884E4505
:10566000DDD288F31188D1E739462A4602F041FF9E
:10567000A36A2F442B442E44E6E708B5302282F378
:105680001188816A29B103690439C91A01D0FFF769
:105690009EFF002383F3118808BD000037B505463F
:1056A0002B6801A99B6928469847012811D10198C8
:1056B000094940F2E73C4FF0000EE0FB01CE4FF409
:1056C0007A72002371466046F2F746FDFFF7FDFC53
:1056D000E6E703B030BD00BFA0860100036810B547
:1056E0005B680C469847C36813B153F8340010BD8B
:1056F00000696043FBE7036810B55B680C46984798
:10570000C3681BB103EBC403586810BD0069FCE714
:10571000036810B55B680C4698474069204410BD8B
:1057200008B50C30FFF770FD002008BD08B50C303F
:10573000FFF760FD002008BD00F0F4BD034B0360DF
:10574000012303710C30FFF71DBD00BF789D0108D8
:1057500010B53023044683F31188816000F010FEF9
:1057600002232371002080F3118810BD10B530236F
:10577000044683F3118800F017FE012323710023F0
:1057800083F3118810BD01F0BBBF0000014B036023
:10579000704700BFDC15002001F0F0BF02F05AB8DE
:1057A00002F0A8B9012303700023436083600C302A
:1057B000FFF7E8BC10B53023044683F3118841603D
:1057C00002F0AEF9002814BF012302232370002346
:1057D00083F3118810BD10B53023044683F311887C
:1057E00002F004FA002301226360227083F311881F
:1057F00010BD302383F3118843681969DA680123E7
:105800008B405383002383F311887047302383F345
:10581000118843681969DA6801238B4013830023D8
:1058200083F31188704710B40324047010BC02F095
:1058300003BA0323037002F01ABA0378032B02D1D0
:105840000830FFF74FBC0020704738B504463025BC
:1058500085F31188FFF7E7FF20B94FF0FF312046AD
:10586000FFF7EBFF002383F3118838BD10B5302319
:10587000044683F31188FFF7DCFF20B94FF0FF31B6
:105880002046FFF7DAFF002383F3118810BD0C30A8
:10589000FFF7B0BC0C30FFF7B7BC01F0C9B901236A
:1058A00003700023C36183620362C36243620363C4
:1058B00043608360704738B50546302383F3118811
:1058C00000244160C46004614461846101F0C0F956
:1058D00002232B7084F31188204638BD70B5302325
:1058E000054683F311882C4601F018FA002601239F
:1058F0006E6004F8083B183554F8043F73B15869DA
:1059000020B16FF001010C30FFF7FAFB23689869B2
:1059100020B16FF001010C30FFF7F2FBAC422660C2
:10592000EAD1FFF73DFB86F3118870BD70B500EB3F
:10593000810305465069DA600E46144618B11422F8
:10594000002102F087FDA06918B11422002102F0A5
:1059500081FD31462846BDE8704001F065BAF8B5D2
:10596000836803F001130446836000F10C0500F125
:105970001806002755F8043F73B1586920B16FF03D
:1059800001010C30FFF7BCFB2B68986920B16FF068
:1059900001010C30FFF7B4FBB5422F60EAD120467D
:1059A000BDE8F84001F0C4BA30B4458901248C4008
:1059B0002C43448100EB8104E468A4692360002344
:1059C000A2606360E36030BC01F0D9BA30B40589ED
:1059D00001248C402C43048100EB8104E468646959
:1059E00023600023A2606360E36030BC01F058BB19
:1059F00010B50378052B04461ED1436DD3F8002E55
:105A000022F00302C3F8002ED3F8042842F001026A
:105A1000C3F804285A6942F008025A619A6942F0B0
:105A200008029A61C820FFF750FB626DD2F8043873
:105A300023F00103C2F8043810BD2DE9F0410546FA
:105A4000002602230370C66445F8086F044600F17F
:105A500018074FF0300855F8043F9BB188F31188C0
:105A60002B68586920B16FF001010C30FFF748FB3B
:105A70002B68986920B16FF001010C30FFF740FBF3
:105A800086F31188BD422E60E5D184F8346020464B
:105A900001F066F963681B6823B120460021BDE868
:105AA000F0411847BDE8F081F8B50378052B0546AD
:105AB00027D080F850300523037043681B680BB172
:105AC000042198472C46002644F8086F18353027E3
:105AD00054F8043F9BB187F311882368586920B1BB
:105AE0006FF001010C30FFF70BFB2368986920B1C0
:105AF0006FF001010C30FFF703FB86F31188AC4215
:105B0000E6D1F8BD0178052906D190F85020436808
:105B100002701B6803B118477047000070B590F819
:105B20003430044613B1002380F8343004F14402C9
:105B3000204601F01CFA63689B68B3B994F84430BE
:105B400013F0600539D00021204601F003FD00214B
:105B5000204601F0F5FC63681B6813B1062120465E
:105B60009847062384F8343070BD204698470028B3
:105B7000E4D094F84A3094F84B20E56B43EA0223D2
:105B80009D4284BFE3631D4694F94430002B4FF0DF
:105B9000300380F20881002D00F0F780092284F89C
:105BA000342083F311880021E36BA26B2046FFF7BA
:105BB0000DFF002383F31188D6E794F8452003F006
:105BC0007F0343EA022340F20232934200F0CA808C
:105BD00021D8B3F5807F4DD00DD8012B44D0022BB6
:105BE00000F09880002BAED104F14C02A263022297
:105BF000E2632364BDE7B3F5817F00F0A080B3F5D5
:105C0000407FA0D194F84630012B9CD1B4F84C30A1
:105C100043F0020337E0B3F5006F52D01CD8B3F560
:105C2000A06F36D0A3F5C063012B8CD894F849201F
:105C3000616894F848304E6894F8471043EA0223AC
:105C4000204694F84620B04700283FF47CAF4368D4
:105C5000A3630368E3631AE0B3F5106F36D040F630
:105C6000024293427FF46FAF5B4BA3630223E36373
:105C70000023BEE794F84630012B7FF464AFB4F8FC
:105C80004C3023F00203A4F84C30A563E56325648F
:105C90006FE7B4F84430B3F5A06F0ED194F84630F6
:105CA00084F84E30204601F0B3F863681B6813B1E6
:105CB000012120469847032323700023A363E36355
:105CC00097E704F14F03A3630123C3E72378042B71
:105CD00010D1302383F311882046FFF740FE85F36F
:105CE00011880321636884F84F5021701B680BB141
:105CF0002046984794F84630002BDED084F84F3089
:105D00000423237063681B68002BD6D00221204631
:105D10009847D2E794F848301D0603F00F0120465B
:105D20000AD501F017F9012804D002287FF40BAF3F
:105D30002A4B9AE72A4B98E701F0FFF8F3E794F82B
:105D40004630002B7FF4FFAE94F8483013F00F017B
:105D5000B3D01A06204602D501F010FCADE701F0E1
:105D600003FCAAE794F84630002B7FF4ECAE94F8DD
:105D7000483013F00F01A0D01B06204602D501F0D9
:105D8000E9FB9AE701F0DCFB97E7142284F8342062
:105D900083F311882B462A4629462046FFF704FE46
:105DA00085F31188E0E65DB1152284F8342083F391
:105DB00011880021E36BA26B2046FFF7F5FDF8E6A2
:105DC0000B2284F8342083F311882B462A46294677
:105DD0002046FFF7FBFDE3E7A49D0108A29D010813
:105DE000A09D010838B590F834300446002B42D00D
:105DF000063BDAB20F2A38D80F2B36D8DFE803F08B
:105E00003B353508263635353535353535353B3B6B
:105E100090F84A3090F84B20C56B43EA02239D422C
:105E200014D2C3681B8AB5FBF3F203FB12556DB99C
:105E3000302383F311882B462A462946FFF7C6FDF7
:105E400085F311880A2384F834300EE0142384F893
:105E50003430302383F3118800231A461946204634
:105E6000FFF7A2FD002383F3118838BD036C03B153
:105E700098470023E7E70021204601F06BFB002153
:105E8000204601F05DFB63681B6813B106212046C4
:105E900098470623D7E710B590F83430142B044602
:105EA00029D017D8062B05D001D81BB110BD093B4E
:105EB000022BFBD80021204601F04CFB002120469C
:105EC00001F03EFB63681B6813B10621204698472A
:105ED000062319E0152BE9D10B2380F83430302349
:105EE00083F3118800231A461946FFF76FFD00233C
:105EF00083F31188DAE7C3689B695B68002BD5D10F
:105F0000036C03B19847002384F83430CEE700F1E6
:105F1000604300F01F02400903F56143800009015E
:105F200000F1604083F8001300F5614001239340C5
:105F3000C0F880310360704700F01F0301229A40CF
:105F400043099B0003F1604303F5614300F16040A6
:105F500000F56140C3F88020C3F88021002380F859
:105F600000337047074A08B5536903F001035361D2
:105F700023B1054A13680BB150689847BDE8084043
:105F8000FFF7A4B9003C01402C560020074A08B591
:105F9000536903F00203536123B1054A93680BB1BF
:105FA000D0689847BDE80840FFF790B9003C014031
:105FB0002C560020074A08B5536903F004035361C7
:105FC00023B1054A13690BB150699847BDE80840F1
:105FD000FFF77CB9003C01402C560020074A08B569
:105FE000536903F00803536123B1054A93690BB168
:105FF000D0699847BDE80840FFF768B9003C014008
:106000002C560020074A08B5536903F0100353616A
:1060100023B1054A136A0BB1506A9847BDE808409E
:10602000FFF754B9003C01402C560020164B10B528
:106030005C6904F478725A61A30604D5134A936A22
:106040000BB1D06A9847600604D5104A136B0BB1A8
:10605000506B9847210604D50C4A936B0BB1D06B5B
:106060009847E20504D5094A136C0BB1506C984768
:10607000A30504D5054A936C0BB1D06C9847BDE8D5
:106080001040FFF723B900BF003C01402C56002010
:10609000194B10B55C6904F47C425A61620504D561
:1060A000164A136D0BB1506D9847230504D5134A5A
:1060B000936D0BB1D06D9847E00404D50F4A136E71
:1060C0000BB1506E9847A10404D50C4A936E0BB1E6
:1060D000D06E9847620404D5084A136F0BB1506F15
:1060E0009847230404D5054A936F0BB1D06F9847A6
:1060F000BDE81040FFF7EAB8003C01402C560020F4
:1061000008B501F0F3FDBDE80840FFF7DFB8062150
:1061100008B50846FFF7FBFE06210720FFF7F7FE4C
:1061200006210820FFF7F3FE06210920FFF7EFFE06
:1061300006210A20FFF7EBFE06211720FFF7E7FEF6
:1061400006212820FFF7E3FEBDE8084007211C20B8
:10615000FFF7DDBE08B5294B1A6962F09F021A618C
:106160001A6902F09F021A614FF0FF301A695A69EA
:10617000586100215A6959615A691A6A62F080525D
:106180001A621A6A02F080521A621A6A5A6A5862CD
:106190005A6A59625A6A1A6C42F080521A641A6E2C
:1061A00042F080521A661A6E154A116841F48071E5
:1061B00011601168C905FCD51A6F02F44072B2F57E
:1061C000007F1FBF4FF480321A6700221A670B4B03
:1061D0001A6F120407D41A6F42F400721A671A6F0A
:1061E00042F400421A67064A536823F4007353606E
:1061F00000F010FBBDE80840FFF789BF00380240FF
:1062000000700040344B4FF080521A64334A4FF410
:10621000804111601A6842F001021A601A68910701
:10622000FCD59A6822F003029A602B4B9A6812F010
:106230000C02FBD1196801F0F90119609A601A6823
:1062400042F480321A601A689203FCD55A6F42F009
:1062500001025A67204B5A6F9007FCD5204A5A60BA
:106260001A6842F080721A601C4A53685904FCD5BF
:10627000194B1A689201FCD51A4A9A600322C3F896
:106280008C20194B1A68194B9A42194B21D1194A83
:106290001168194A91421CD140F201121A60144A45
:1062A000136803F00F03012BFAD10B4B9A6842F0ED
:1062B00002029A609A6802F00C02082AFAD15A6C1B
:1062C00042F480425A645A6E42F480425A665B6ECF
:1062D000704740F20172E1E7003802400070004070
:1062E0000818410400108838002004E011640020E0
:1062F000003C024000ED00E041C20F41C269D3689A
:1063000099B2D160DA0608D413F0620307D003799A
:10631000042B14BF04200320704706207047184642
:106320007047000010B50F4C2046FFF707FA0E4BE0
:10633000E3610E4B5A8C802A4FEA82230BD0B3F5CF
:10634000802F0AD0B3F5C02F09D0B3F5002F01D1AB
:10635000074B236210BD074BFBE7074BF9E7074BE1
:10636000F7E700BF08560020003C0240007AFF1FFC
:10637000A89D0108FC9D0108E09D0108C49D01083D
:10638000C369064A59680A435A605968044A0A436D
:106390005A60044B00221A61704700BF2301674511
:1063A000AB89EFCD003C0240C269136943F0004362
:1063B00013617047006A704738B5044600790528B4
:1063C0000FD003202071E0694FF6FF75C560206A89
:1063D00040690144184602F08CF802232371002022
:1063E00038BD0120FCE72DE9F3479A460379052BD8
:1063F00007460E4615464BD0C469D0F820800423CA
:1064000003714FF6FF73E360236923F44073236144
:10641000236943F400732361236943F0010323617B
:106420004FF0FF09002D31D0D8F80430002104E0EE
:1064300008326A44013102F8049CCAB29342F7D888
:10644000D8F8141026F0030206F0030308336B4457
:106450001AF8010B03F8040C0136B00705F1FF35FB
:1064600001D0002DF0D1019B8B50E368DB03FCD4FD
:106470003846FFF743FF0028D4D0236923F00103F7
:10648000236102233B7102B0BDE8F0872846F4E7A0
:106490000120F8E70379052B0CBF01200720704786
:1064A0000379052B1DD005230371C3694FF6FF72D5
:1064B000DA601A6942F002021A611A6922F0F802DF
:1064C0001A611A6922F440721A611A6942EAC10219
:1064D00042F400721A611A6942F480321A61002093
:1064E00070470120704738B50279052A044611D15A
:1064F000C369DD68ED0308D41A6922F006021A6147
:10650000FFF7FCFE0223237138BD09B90120FBE728
:106510000A60FBE70020F7E770B50379052B054615
:106520000E461AD0036A5C69FFF7D8F803230444C7
:106530002B7131462846FFF7DEF820F00300234692
:106540002044834203D1002002232B7170BD53F8F5
:10655000042B0132F5D00520F6E70120F6E7000014
:1065600008B5074B074A196801F03D019960536867
:106570000BB190689847BDE80840FEF7A7BE00BF82
:1065800000600240182F002008B5084B196801F47C
:1065900074629A60064AD36823B18909106901F0D0
:1065A0003D019847BDE80840FEF790BE00600240FC
:1065B000182F002008B5084B196801F474129A606E
:1065C000064A536923B1090C906901F03D019847CF
:1065D000BDE80840FEF77ABE00600240182F002098
:1065E00008B5084B196801F074629A60064AD369CD
:1065F00023B1890D106A01F03D019847BDE80840BC
:10660000FEF764BE00600240182F002008B5074B5B
:10661000074A596801F03D01D960536A0BB1906A8D
:106620009847BDE80840FEF751BE00BF0060024039
:10663000182F002008B5084B596801F47462DA601D
:10664000064AD36A23B18909106B01F03D019847CE
:10665000BDE80840FEF73ABE00600240182F002057
:1066600008B5084B596801F47412DA60064A536B96
:1066700023B1090C906B01F03D019847BDE808403B
:10668000FEF724BE00600240182F002008B5084B1A
:10669000596801F07462DA60064AD36B23B1890D40
:1066A000106C01F03D019847BDE80840FEF70EBEB2
:1066B00000600240182F002008B5074B074A1968F0
:1066C00001F03D019960536C0BB1906C9847BDE8A7
:1066D0000840FEF7FBBD00BF00640240182F0020F9
:1066E00008B5084B196801F474629A60064AD36CC5
:1066F00023B18909106D01F03D019847BDE80840BC
:10670000FEF7E4BD00640240182F002008B5084BD6
:10671000196801F474129A60064A536D23B1090C8A
:10672000906D01F03D019847BDE80840FEF7CEBDF1
:1067300000640240182F002008B5084B196801F0CA
:1067400074629A60064AD36D23B1890D106E01F010
:106750003D019847BDE80840FEF7B8BD006402401F
:10676000182F002008B5074B074A596801F03D0172
:10677000D960536E0BB1906E9847BDE80840FEF7A4
:10678000A5BD00BF00640240182F002008B5084BCB
:10679000596801F47462DA60064AD36E23B189093C
:1067A000106F01F03D019847BDE80840FEF78EBD2F
:1067B00000640240182F002008B5084B596801F406
:1067C0007412DA60064A536F23B1090C906F01F01E
:1067D0003D019847BDE80840FEF778BD00640240DF
:1067E000182F002008B5094B596801F07462DA606F
:1067F000074AD36F2BB1890DD2F8800001F03D011B
:106800009847BDE80840FEF761BD00BF0064024044
:10681000182F00200D4A002330B542F8043B0C4CE1
:106820000C25194605FB03F02058016042F833108F
:106830000133102BF6D1074A4FF0FF339360D3603A
:10684000C2F80834C2F80C3430BD00BF182F002045
:10685000E89E0108006002400F28F8B54CD8DFF828
:10686000A4C00125DCF8007085403D4244D10CEB0A
:10687000C00E224CCEF808300C262F43EBB206FB9C
:106880000046CEF80420CCF800703BBB1C4B1D6BBF
:1068900045F480051D631D6D45F480051D651B6D68
:1068A0000C234343E3581D6825F01F051D601D6838
:1068B00015F00105FBD10C2707FB00403D2490F8A3
:1068C00009C0476804FA0CF43C6021241D605C6137
:1068D00012B1C07AFFF71BFB3046F8BD084B1F6BA7
:1068E00047F400171F631F6D47F400171F6515F469
:1068F0007F4F1B6DD4D0C9E70026EDE7E89E010865
:1069000000380240182F002010B50446C07AFFF767
:1069100013FBA37A104901229A400B6823EA020371
:10692000DAB20B604AB90D4A116B21F40011116300
:10693000116D21F400111165126D13F47F4F09D10F
:10694000064B1A6B22F480021A631A6D22F480023D
:106950001A651B6D10BD00BF182F002000380240C3
:1069600011F0030F1A4B11D11A6822EA00021A60C3
:106970005A6822EA00025A609A6822EA00029A6083
:10698000DA6822EA0002DA60586170479A6811F00A
:10699000010F14BF024382439A600D4BDA6811F075
:1069A000020F14BF02438243DA604A0707D41A6811
:1069B00002431A605A6822EA00025A6070475A6815
:1069C00002435A601A6822EA00021A60704700BF48
:1069D000003C01400023054A19460133102B116089
:1069E000516002F10802F8D1704700BF2C56002018
:1069F0002DE9F74FC2F3C31302F00309C2F3800875
:106A0000C2F3C10EC2F3411C01934E4600224FF067
:106A1000030A4FF00F0BCB0731D5019C02F007039F
:106A20009B0004FA03F701254468954024EA050415
:106A300044EA08044460856854000AFA04F425EA2C
:106A4000040545EA0E058560C56825EA040545EAA2
:106A50000C05B9F1020FC5600BFA03F31AD1072A2E
:106A600095BF056A456A9D439D4395BF3D433D43A0
:106A700005624562036823EA04033343036049085F
:106A800019D04FEA48084FEA8E0E4FEA8C0CB60038
:106A90000132C0E7056825EA04053543072A056089
:106AA00095BF046A446A9C439C4395BF3C433C4366
:106AB00004624462E3E703B0BDE8F08F012370B5E0
:106AC0008B4001F0030421F0030101F1804101F545
:106AD0009C31A4008D68C0F383200F26A04006FAE5
:106AE00004F425EA0405284388600C49886812F0FC
:106AF000010F14BF18439843886012F0020FCA6850
:106B000014BF1A439A43CA60044A116819431160BA
:106B1000516821EA0303536070BD00BF003C01408F
:106B2000124B70B59C68D86801228A4044EA00057F
:106B300015421AD08D080E4E023524EA020456F88A
:106B400025501D6825EA02051D605D6820EA0200E7
:106B500025EA02055D609C60D8605A61054B002201
:106B600043F8312003EBC1035A6070BD003C014083
:106B7000003801402C560020836D70B5446D9E682E
:106B800000224FF0FF3504EB42135101D3F8000906
:106B90000028BEBFD3F8000940F08040C3F80009C8
:106BA000D3F8000B0028BEBFD3F8000B40F08040A4
:106BB000C3F8000B013263189642C3F80859C3F8B2
:106BC000085BE0D24FF00113C4F81C3870BD000020
:106BD0001149F0B5486D8E6D002308310124B2686B
:106BE000934200D9F0BD51F8045FAA6942B1D0F8D0
:106BF0001C7803F1100204FA02F23A43C0F81C2890
:106C00006A6932B1D0F81C5804FA03F22A43C0F87A
:106C10001C280133E3E700BFAC560020890141F096
:106C20002001016103699B06FCD41220FEF700B825
:106C300008B50548FEF733FE034A4FF0A0435365FD
:106C4000024B936508BD00BFAC560020A89F010809
:106C500070B50378012B054650D12A4B446D9842FC
:106C60001BD1294B5A6B42F080025A635A6D42F095
:106C700080025A655A6D5A6942F080025A615A6917
:106C800022F080025A610E2143205B69FFF73FF931
:106C90001E4BE3601E4BC4F800380023C4F8003ECE
:106CA000C02323606E6D4FF40413A3633369002B7C
:106CB000FCDA012333610C20FDF7BAFF3369DB07EF
:106CC000FCD41220FDF7B4FF3369002BFCDA002658
:106CD000A6602846FFF750FF6B68C4F81068DB68B1
:106CE000C4F81468C4F81C684BB90A4BA3614FF090
:106CF000FF336361A36843F00103A36070BD064BDB
:106D0000F4E700BFAC5600200038024040140040B9
:106D100003002002003C30C0083C30C038B5037886
:106D2000012B044617D0456DFFF726FF0023C5F859
:106D30001C38AB60AB63084B9C420CD14320FFF77F
:106D4000FBF8064B5A6B22F080025A635A6D22F010
:106D500080025A655B6D38BDAC5600200038024099
:106D6000F8B5446D054600212046FFF757FFA96D91
:106D700000234FF001128F68C4F834384FF00066DA
:106D8000C4F81C284FF0FF3004EB431201339F423C
:106D9000C2F80069C2F8006BC2F80809C2F8080B13
:106DA000F2D20B686A6DEB6563621023136116699A
:106DB00016F01006FBD11220FDF73AFFD4F8003888
:106DC00023F4FE63C4F80038A36943F4402343F07E
:106DD0001003A3610923C4F81038C4F814380A4B0F
:106DE000EB604FF0C043C4F8103B084BC4F8003BC5
:106DF000C4F81069C4F80039EB6D03F1100243F4D4
:106E00008013EA65A362F8BDB49F010840800010BA
:106E1000426D90F84E10D2F8003823F4FE6343EA36
:106E20000113C2F8003870472DE9F84300EB8103E5
:106E3000456DDA68166806F00306731E0C4605EB0E
:106E40004111022B4FF000038046C1F8103B04F1C2
:106E500010004FF0010398BFB60403FA00F39069E5
:106E60008EBF314E06F1805606F5004600283AD016
:106E7000508A04F15801490130436850D5F81C1874
:106E80000B4305EB4419C5F81C380023C9F8103929
:106E900053690127A7408BB3138A928B9B08012A61
:106EA00088BF5343D8F85C20991842EA034204F1A2
:106EB0003F0305EB8303C8F85C1028465A6021465F
:106EC000FFF7ACFE08EB8400C3681B8A43EA8453D7
:106ED0004834640133432B51D5F81C383B43C5F883
:106EE0001C38BDE8F883D1F8000B20F40040C1F84D
:106EF000000BD5F81C1821EA0303C2E704F13F0395
:106F000005EB8303094A5A6021462846FFF786FEAF
:106F1000D9F8003923F40043C9F80039D5F81C38F2
:106F200023EA0703DBE700BF008000100004000233
:106F3000836D1B68C365FFF71FBE5831436D490160
:106F40005B5813F4004004D013F4001F14BF012059
:106F5000022070474831436D49015B5813F40040EB
:106F600004D013F4001F14BF01200220704700EB6F
:106F700081031046DB680822196A01F0BABA00EBF7
:106F8000810330B5DD68AB691A681A6119B9402A06
:106F900084BF40221A606B8A5C1E1444B4FBF3F475
:106FA0006343426D033323F0030343EAC44302EB1C
:106FB000411043F0C043C0F8103B2B6803F00303BB
:106FC000012B0CD1D2F8083813F4807FD0F8003BA5
:106FD00014BF43F0805343F00053C0F8003B02EB72
:106FE0004112D2F8003B43F00443C2F8003B30BDED
:106FF000F8B52A4D6E6D06EB40130446D3F8087BB6
:10700000C3F8087B38070AD5D6F81438190706D50F
:1070100005EB84032146DB6828465B689847FA073E
:1070200020D5D6F81438DB071CD5A61C05EB860343
:107030005968C4B98B69488A5A68B2FBF0F700FBFB
:10704000172282B918681A6990420CD2121AC3E941
:107050000024302383F3118810482146FFF78FFF67
:1070600084F31188F8BD6B890122A24023EA020350
:107070006B81CB6813B1094821469847302383F3CD
:10708000118805EB86056B68986941680C30FEF73E
:1070900037F8002383F31188E4E700BFAC560020E3
:1070A00000EB810330B5DC68426D65692B682B61AC
:1070B0004BBB02EB41134FF40020C3F810092368C7
:1070C00003F00303012B0ED1D2F8083802EB411074
:1070D00013F4807FD0F8003914BF43F0805343F09D
:1070E0000053C0F8003902EB4110D0F8003943F0EA
:1070F0000443C0F80039D2F8340801238B4003431D
:10710000C2F8343830BD19B9402B84BF40232B60FE
:10711000258A681E1844B0FBF5F043EAC04302EB31
:10712000411043F00053C0F81039C8E72DE9F84387
:10713000404D6F6D07EB40130446D3F80889C3F840
:10714000088918F0010F19D0D7F81038DB0715D5CA
:10715000861C05EB860359684B6918681A699042CA
:107160002FD2121A00261A605E60302383F3118832
:1071700021462846FFF794FF86F3118818F0800F08
:107180001DD0D7F834380126A640334217D005EB7E
:1071900084036F6DD3F80CE0DEF81420651CEDB2AB
:1071A000D2F8008007EB053507EB441451684145E0
:1071B00021D3D7F8343823EA0603C7F83438BDE8BA
:1071C000F8832B890122A24023EA02032B818B68DA
:1071D00013B1214628469847302383F3118805EBE5
:1071E00086060021736858690C30FDF789FF00237B
:1071F00083F31188C2E7BEF81000A8EB01038342B5
:1072000028BF0346D4F8180980B2B3EB800FD6D854
:107210009068A0F1040959F804CFC5F800C0A0EBAC
:10722000090C9C44BCF1040FF5D818441944906033
:107230005160BBE7AC5600202DE9F74FA44C656DBB
:107240004FF040094FF0010A6E69AB691E4016F419
:1072500080576E6107D09E48FEF7EFFB03B0BDE894
:10726000F04FFEF733B8002E14DAD5F8003E9B0736
:107270001EBFD5F8003E23F00303C5F8003EFFF71C
:10728000A7FCD5F8043823F00103C5F804382046DC
:10729000FEF738FC300505D52046FFF76DFC20468B
:1072A000FEF702FCB1040CD5D5F8083813F0060F30
:1072B000EB6823F470530CBF43F4105343F4A05312
:1072C000EB60320719D56368DB681BB9AB6923F043
:1072D0000803AB612378052B08D1D5F8003E23F0D5
:1072E0000303C5F8003E2046FEF70CFCFFF770FCD8
:1072F0006368DB680BB120469847F3024DD4B002B7
:107300000BD5636D00934FF00008C346A36D9B68D7
:107310005FFA88F18B4280F087803103D5F81888B6
:1073200000F1B080720317D518F0010F02D00020D1
:10733000FFF7FCFE18F0020F02D00120FFF7F6FE67
:1073400018F0040F02D00220FFF7F0FE18F0080F2B
:1073500002D00320FFF7EAFEF30640F1EA80666DF3
:10736000326AC2F30A1102F00F0302F4F012B2F50E
:10737000802F00F0AF80B2F5402F09D104EB8303DA
:107380000022DB681B6A06F58056914240F094802B
:10739000B9F101097FF458AF60E7636D00934FF0D6
:1073A0000008A36D9B685FFA88F18B42A7D3009B0E
:1073B00003EB4113D3F8002902F44022B2F5802FE9
:1073C0002FD1D3F80029002A2BDAD3F8002942F074
:1073D0009042C3F80029D3F80029002AFBDB606D36
:1073E0000191FFF71BFC019923890AFA01F201F1CF
:1073F000020B23EA020304EB8B022381526892689A
:107400000AB120469047302282F3118804EB8B03A7
:1074100000215B6858690C30FDF772FE002383F38E
:10742000118808F10108BCE7009B03EB4112D2F878
:10743000003B03F44023B3F5802F20D1D2F8003B6A
:10744000002B1CDA63890AFA01F223EA0203638142
:107450008B1C04EB83025268D2681AB12046019358
:107460009047019B302282F3118804EB83035B6811
:10747000986941680C30FDF743FE8BF3118808F1E1
:10748000010843E718F4803F02D00020FFF7B0FD69
:1074900018F4003F02D00120FFF7AAFD18F4802F56
:1074A00002D00220FFF7A4FD18F4002F3FF43AAFFA
:1074B0000320FFF79DFD35E7900708BF3768072ACF
:1074C00098BF03F8017B02F1010298BF3F0A5CE715
:1074D000AC56002003F1020E04EB8E024FF0000CBC
:1074E000526890694268036880689A1A06F5805667
:1074F000614511D104EB8E038A425B689B699868F1
:107500005E688BBF401880188919921987BF9860F0
:10751000596098605A603BE71CF0030F08BF37685A
:10752000624588BF00F8017B0CF1010C88BF3F0A5F
:10753000DEE7024B1E427FF42BAF8FE630000004E3
:10754000436D03EB4111D1F8003B43F40013C1F844
:10755000003B7047436D03EB4111D1F8003943F410
:107560000013C1F800397047436D03EB4111D1F8A6
:10757000003B23F40013C1F8003B7047436D03EB5D
:107580004111D1F8003923F40013C1F800397047D4
:10759000044B5B68DA6842F08002DA60DA6852060F
:1075A000FCD570470C5700205020704730B5446818
:1075B0001A445034C91A934201D1002030BD5818E2
:1075C000850800F0030054F82550C00025FA00F0AB
:1075D00003F8010BEFE7F0B547681A445037C91AB2
:1075E0004FF0FF0C934201D10020F0BD58188608DF
:1075F00000F0030057F82650C0000CFA00F425EA0A
:10760000040513F8014B04FA00F0284347F826005C
:10761000E8E7000038B5174C6368DD6825F4F042F0
:10762000DA60154A4FF400115161A268EAB19B6813
:1076300019040AD52B0502D5022120469047E804FB
:1076400003D5A3680B480321984763681B6C59074F
:107650000BD5AA0403D5A3680648042198476B04F8
:1076600003D5A368034805219847BDE83840FDF7D6
:107670002DBE00BF0C570020003C01400B48436862
:10768000D96821F4806210B5DA60094A4FF48004A9
:107690005461826832B19B685C0403D54B0501D507
:1076A00007219047BDE81040FDF710BE0C570020A1
:1076B000003C014070B5104C6368DD6825F44072F1
:1076C000DA600E4A4FF400315161A2687AB19E68C7
:1076D000F00404D5E90502D5002120469047B20404
:1076E00005D5AB0503D5A368034801219847BDE83C
:1076F0007040FDF7EBBD00BF0C570020003C01407F
:1077000008B51C48FEF742F81A4B1B495960CA23BA
:107710004B6253234B62C86810F0100026D1FFF76C
:1077200037FF20238B6080230864CB6040F2FF3357
:107730000B6103F5F8130B61CB6823F080030D4A4E
:10774000CB604FF4C400002301219360FFF708F9D8
:107750000F210220FEF7DBFB0F210320FEF7D7FBF2
:10776000BDE808400F212920FEF7D1BBCB6823F0EC
:107770002003E4E70C57002000280040F8B54B68D0
:1077800006244FF47A72C3F31A03B3FBF2F30A220E
:107790000F460546B3FBF2F102FB1136B1FBF4F0E4
:1077A00004FB101C46EA0C16B0FBF2F102FB1100C0
:1077B000B1FBF4F346EA002604FB131146EA013656
:1077C000B3FBF2F102FB113346EA0346BB7878784B
:1077D00097F800C003F01F034FEA501E46EA015617
:1077E00000F00F01B3FBF2F002FB103444EA4E3418
:1077F000BCFBF2F302FB13CC44EA0C44B1FBF2FCF9
:1078000002FB1C1144EA012444EA0C34B3FBF2F1FC
:1078100044EA001402FB113344EA0354FDF7F0F983
:10782000FFF7B6FE6A687978166054609368C1F312
:10783000001123F4802343EA81439360044B5A6888
:10784000D36823F08003D360BDE8F840FDF7E1B9C9
:107850000C5700202DE9F0410446002688463746A3
:10786000FDF7CEF96368344635469E6AB54239461F
:1078700022461F685C68F7D1B942F5D1A242F3D124
:107880009D68FDF7C6F93249C7F303434B4301F145
:10789000F771C7F3015201F5C54101FB023307F04F
:1078A0000F024FF47A7101FB02332A49C7F3023207
:1078B00001FB0233C7F303224EF6602101FB0233C2
:1078C000C4F30352C4F3034102EB820201EB420210
:1078D00088F80020C4F3003202EB8202C4F30321D3
:1078E00001EB4201AA0901F00F0102F4805242EAC1
:1078F000012204F460410A43C4F3011101EB810148
:1079000004F00F0404EB4104D8F8001004F01F0445
:1079100042EA04426FF314210A43C8F80020C7F377
:10792000021742F2107202FB07330B4A564306F568
:107930007926D8F8042023F0784306F6184603EB9E
:10794000962363F31A02C8F80420BDE8F08100BF53
:1079500080EE3600C027090018FCFFFFC1694068AF
:107960000023C28A0B60838A407823F0440338B135
:1079700042F003024A600B6043F040030B60704723
:1079800043F4417342F00702F4E700004168426AA1
:1079900049781368F1B9196821F01F011960196855
:1079A000C907FCD45168527A3D239340C2690B60E9
:1079B00093681B06FCD4036A1A68116821F01F0142
:1079C00011601168C807FCD4597A5A683D238B406E
:1079D00013607047196821F01F0119601968C90701
:1079E000FCD45168527A3D2393400B60036A1A68B5
:1079F000116821F01F0111601168C907FCD4597A80
:107A00005A683D238B401360074B984209D1074BBE
:107A10005A6A42F480525A625A6A22F480525A6276
:107A20005B6AFFF79BBF00BF185700200038024079
:107A300011F00C0F70B504460E4616D01D48FDF728
:107A4000D1F82046FFF7A2FF63689B680BB1204680
:107A50009847302383F31188002104F10800FDF7D3
:107A60004FFB002383F3118815E045682B789BB109
:107A7000CA0602D56B6803B19847B3060BD5636895
:107A80005B6843B104222270204698472378042B78
:107A900001D10323237070BDFFF778FF6B6833B10A
:107AA00004222270204698472378042BD1D1022348
:107AB0002370CEE77392010811F00C0F10B5044645
:107AC00015D00B48FDF78EF82046FFF75FFF63687F
:107AD0009B680BB120469847302383F3118800211F
:107AE00004F10800FDF70CFB002383F3118810BD9F
:107AF0007392010808B50748FDF754FE054A064B86
:107B0000D361002313625362044B93623033D36218
:107B100008BD00BF185700200030014016000106C4
:107B200010B54FF0FF3343630378012B044634D183
:107B30002A4B984229D10346294A0A210820FEF7F8
:107B40008BFE206210B96FF0100010BD254A23464D
:107B50000A210B20FEF780FE606218B9206AFEF74A
:107B6000D3FEF0E7204B5A6C42F480525A645A6EAE
:107B700042F480525A665A6E5A6A42F480525A62ED
:107B80005A6A22F480525A625B6A236A1A68E3696D
:107B90000C339360626A126893606168A26A888A93
:107BA000E36A0978000522F4F04223F4F04344BF6D
:107BB00042F4205243F4205351B142F4847243F40E
:107BC00084732046A262E362FFF7C8FE0020BCE790
:107BD00022F4847223F48473F3E700BF1857002063
:107BE000317A0108B97A01080038024038B50378C3
:107BF000022B04461AD1FFF7C9FEE369606A00252B
:107C00001D605D60FEF780FE206AFEF77DFE084B7A
:107C100025629C42656209D1064B5A6C22F480525F
:107C20005A645A6E22F480525A665B6E38BD00BFA9
:107C3000185700200038024010B5046A2468E36039
:107C4000836A616043F480632360436A1B68DA607F
:107C5000C26A596042F480621A60226842F00102EE
:107C600022601A6842F001021A60002010BD036A07
:107C700010B51C6800F13003E360836A6160236023
:107C8000436A1B68DA60C26A596042F480621A6013
:107C9000226842F0010222601A6842F001021A6072
:107CA000002010BD0F4B1A6C42F001021A641A6ECC
:107CB00042F001021A660C4A1B6E936843F00103FE
:107CC00093604FF0804340F2DF129A624FF0FF3230
:107CD000DA6200229A615A63DA605A6001225A61BC
:107CE0001A60704700380240002004E04FF08042E4
:107CF00008B51169D3680B40D9B2C9439B0711611C
:107D000007D5302383F31188FCF778FF002383F332
:107D1000118808BD4B6843608B688360CB68C36083
:107D20000B6943614B6903628B6943620B680360B3
:107D30007047000008B51C4B1C491A691C4842F0EA
:107D40009F021A611A6922F09F021A611A691A6B5E
:107D500042F09F021A631A6D42F09F021A651B6D72
:107D60000A46FFF7D7FF1C3100F58060FFF7D2FF0E
:107D700002F1380100F58060FFF7CCFF02F15401F9
:107D800000F58060FFF7C6FF02F1700100F580602A
:107D9000FFF7C0FF02F18C0100F54060FFF7BAFF6A
:107DA000BDE80840FEF72EBA00380240D89F01080F
:107DB000000002407047162303604FF0FF30704709
:107DC00000207047184670470020704710B5002209
:107DD000044608460121FDF7C5FA18B90C232360B3
:107DE0004FF0FF3010BD08B510460021582200F0BA
:107DF00031FB4FF400524260002008BD0120704763
:107E000008B50248FCF7EEFE00F09EF97F920108EB
:107E100008B50248FCF7E6FE00F096F984920108E6
:107E200001207047704700002DE9F04782B00646F8
:107E3000DDF828E00846B4460D46002B4ED18A42B4
:107E400014466DD9B2FA82F242B1C2F120039540D4
:107E500026FA03F394401D4306FA02FC260CA7B24F
:107E6000B5FBF6F14FEA1C4306FB115543EA054307
:107E700001FB07F0984209D9E31801F1FF3580F0C2
:107E80000381984240F20081023923441B1A1FFAF1
:107E90008CFCB3FBF6F006FB10334CEA034C00FB02
:107EA00007F363450AD914EB0C0C00F1FF3580F0A1
:107EB000ED80634540F2EA80A444023840EA014084
:107EC000ACEB030C0021BEF1000F04D02CFA02F33E
:107ED0000022CEE9003202B0BDE8F0878B4209D91A
:107EE000BEF1000F01D0CEE900610021084602B0CA
:107EF000BDE8F087B3FA83F1174600294DD18342DC
:107F000002D3B24200F20F81B6EB070C60EB030321
:107F100001201D46BEF1000FDDD0CEE900C5DAE735
:107F2000002A00F098801A46B4FA84F3002B40F03F
:107F3000AF800B1B270CA6B20121B3FBF7F54FEA6C
:107F40001C4007FB153340EA034306FB05F8984540
:107F500007D9E31805F1FF3002D2984500F2E88016
:107F60000546A3EB08031FFA8CFCB3FBF7F007FBF5
:107F700010334CEA034C06FB00F3634508D914EBBD
:107F80000C0C00F1FF3602D2634500F2CE80304681
:107F9000ACEB030C40EA054095E7C1F120058B40AE
:107FA00022FA05FC4CEA030C00FA01F426FA05F368
:107FB000E84002FA01F943EA04084FEA1C4206FAD3
:107FC00001FAB0FBF2F71FFA8CF602FB17004FEA3A
:107FD000184444EA004407FB06F0A0420AD91CEB0F
:107FE000040407F1FF3380F09C80A04240F29980A6
:107FF000023F6444241A1FFA88F3B4FBF2F002FB38
:10800000104443EA044300FB06F69E4209D91CEBE8
:10801000030300F1FF3480F082809E427FD9023852
:10802000634440EA0740A0FB09749B1BA3423E4601
:10803000A04664D361D0BEF1000F0AD0BAEB0602AD
:1080400063EB080303FA05F5CA401543CB40CEE9BC
:10805000005300213FE7730843EAC1734A08190C33
:1080600041EA02414FEAC67C9BB2B2FBF4F02646DD
:10807000A04627461F2243EA0143B1FBF4F1A3EBDC
:10808000080341EA004158E72946FFE6284615E77C
:108090001A46C3F120019C4026FA01F320FA01F1AF
:1080A00090400343270C06FA02FCB1FBF7F0A6B29E
:1080B00007FB1015190C41EA054100FB06F58D423E
:1080C0003BD9611801D28D4220D8491B0138B1FB40
:1080D000F7F5019505FB06F8019D9BB207FB15110D
:1080E00043EA0143434526D2E31805F1FF31C6D2E6
:1080F0004345C4D2A91E2344C1E7BA459BD2B7EB7E
:10810000090664EB0C040138A04694E7651B29447A
:108110000238B1FBF7F5019505FB06F8DCE72046D0
:108120007FE71F4666E70846F4E6A44402382FE7D7
:10813000023D234415E70199A1E7491BB1FBF7F57F
:10814000019505FB06F8C7E708B5062000F0B2F96F
:108150000120FFF755FE0000024B0A460146186851
:1081600000F002B8EC15002070B5A1FB026535B92E
:10817000314600F059F8044628B9204670BD0C235A
:1081800003600024F9E73246294600F063F9F4E77A
:10819000931E222B10B50C4604D900230B701C46ED
:1081A000204610BD0A2A09D1002807DA2D230B70BA
:1081B00040420121214400F0FDF8F1E70021F9E7F8
:1081C000FFF7E6BF024B0146186800F02DB800BF6C
:1081D000EC150020024B0146186800F0B7B900BF4B
:1081E000EC15002070B50F4C0E462168054611B9FC
:1081F000FFF7ECFD206031462846FFF7E7FD431C02
:1082000003D14FF0FF34204670BDC41C24F003049A
:10821000A042F8D0211A2846FFF7D8FD0130F2D14C
:10822000EFE700BFB82F00202DE9F843CD1C25F063
:10823000030508350C2D38BF0C25002D064601DB43
:10824000A94204D90C2333600020BDE8F883334FE2
:1082500000F066F83B681C463CBB29463046FFF7F9
:10826000C1FF431C044656D13C68A046B8F1000F3C
:1082700040D1002C49D023684146304604EB030925
:10828000FFF7A4FD814540D121686D1A294630468B
:10829000FFF7A8FF013038D023682B4423603B68E8
:1082A0005A685ABBC7F800800EE02268521B1ED4E1
:1082B0000B2A16D96119A342256018BF596063685B
:1082C00008BF396062514B60304600F02FF804F16E
:1082D0000B00231D20F00700C21A1CBF1B1AA3505D
:1082E000B3E76268A3420CBF3A605A60ECE72346EA
:1082F0006468B1E74446D8F80480B7E71A465B687B
:10830000A342FBD100235360DEE70C2333603046E9
:1083100000F00CF898E70560D6E700BFBC2F0020FE
:10832000014800F0E4B800BFC02F0020014800F071
:10833000DFB800BFC02F0020164B10B51C68226BA1
:10834000B2B91820FFF73EFF0246206320B9124B56
:108350001248522100F0DCF81149124BC0E9001319
:10836000114B83600B23838100210120C2E90401AA
:1083700013690E4854690E49584301FB0400A3FBDE
:108380000131013340EB0100C2E9043020F000402C
:1083900010BD00BFEC15002089920108A0920108D1
:1083A0000E33CDAB34126DE6ECDE05002DF45158E2
:1083B0002D7F954CF0B51E4C8BB005460B466E4696
:1083C00004F1200C20686168374603C7083464450F
:1083D0003E46F7D121793971911E206838602229F3
:1083E0004FF0000104D919700B4618460BB0F0BDD0
:1083F000581E8446B5FBF2F702FB175628366E442A
:10840000AA4216F8286C0CF8016F0C463D4601F1A3
:108410000101EFD900225A541919A51AAA42E4DA27
:1084200010F8015F0E780670013201F80159F4E787
:108430000193010810B501390244904201D1002096
:1084400005E0037811F8014FA34201D0181B10BDBD
:108450000130F2E702440346934200D1704703F82B
:10846000011BF9E71F2938B505460C4604D9162328
:1084700003604FF0FF3038BDC26B12B152F82130AB
:108480004BB9284600F030F8224601462846BDE8A0
:10849000384000F017B8012B0AD0591C03D116231D
:1084A00003600120E7E7002142F8241020469847A6
:1084B0000020E0E7024B01461868FFF7D3BF00BF7A
:1084C000EC15002038B5074C002305460846114638
:1084D0002360FFF79DFC431C02D1236803B12B608E
:1084E00038BD00BFC42F0020FFF79ABC704770470B
:1084F00070470A44914200F1FF3300D1704710B534
:1085000011F8014B03F8014F9142F9D110BD000061
:108510001FB51D46094B1B680646D86852B1084C6A
:108520000091CDE90142074933462A4600F05AF846
:10853000FFF70AFE044C2246F2E700BFEC150020CC
:1085400026930108339301086193010837B5002988
:1085500044D051F8043C0190002BA1F10404B8BFB1
:10856000E418FFF7DDFE1E4A0198136833B9636013
:10857000146003B0BDE83040FFF7D8BEA34208D96D
:10858000256861198B4201BF19685B684919216030
:10859000EDE71A465B680BB1A342FAD9116855188A
:1085A000A5420BD1246821445418A3421160E0D1A4
:1085B0001C685B6853600C441460DAE702D90C2332
:1085C0000360D6E7256861198B4204BF19685B68B0
:1085D000636004BF491921605460CAE703B030BD2D
:1085E000BC2F00200EB403B5014603AB054853F879
:1085F000042B0068019300F02FF802B05DF804EB43
:1086000003B07047EC1500209368013B002B10B4B9
:10861000936007DA9469A34201DB0A2902D110BCF6
:1086200000F074BB1368581C10601970084610BC29
:108630007047F8B506460F461446D518AC4201D12E
:10864000002007E014F8011B3A463046FFF7DCFF34
:10865000431CF3D1F8BD00002DE9F04706469CB05D
:108660000D4614461F4618B1036A0BB900F036FBDD
:108670006B6ED90705D4AB899A0502D4A86DFFF7B4
:1086800036FFAB891B0701D52B699BB929463046BC
:1086900000F07AFB70B16B6EDE0704D54FF0FF304F
:1086A0001CB0BDE8F087AB899C05F7D4A86DFFF737
:1086B0001FFFF3E70023099320238DF82930039748
:1086C00030236A4F8DF82A304FF0010823461A787C
:1086D00099461AB1252A03F10103F8D1B9EB040A2E
:1086E0000BD05346224629463046FFF7A2FF013001
:1086F00000F0A380099A5244099299F80030002BA7
:1087000000F09B8000224FF0FF33CDE9053209F1E4
:108710000109049207928DF853201A924C460522C3
:1087200014F8011B5148EFF73BFD049AD0B9D0066D
:1087300044BF20238DF85330110744BF2B238DF8FD
:10874000533099F800302A2B13D007994B4600205C
:108750004FF00A0C1A78303A092A1C464AD9A8B1B7
:10876000079113E0C01B08FA00F010430490A146E3
:10877000D4E7039B191D1B680391002BBBBF5B4211
:1087800042F0020207930793B8BF049223782E2B7E
:108790000AD163782A2B32D1039B1A1D1B680392DE
:1087A00043EAE37302340593DFF8D0902178032283
:1087B0004846EFF7F5FC38B1049BA0EB09004022D6
:1087C0008240134301340493217829488DF82810FE
:1087D0000622EFF7E5FC00283ED0264818BB039B95
:1087E000073323F0070308330393099B0344013441
:1087F00009936BE701330CFB01210120AAE7002359
:108800000593611C18464FF00A0C0A78303A092A81
:108810000C4603D9002BC7D00590C5E701310CFBEE
:1088200000200123F1E703AB00932A46124B04A971
:108830003046AFF30080431CD7D16B6ED90705D407
:10884000AB899A0502D4A86DFFF752FEAB895B068F
:108850003FF524AF099823E703AB00932A46064B64
:1088600004A9304600F082F8E5E700BF62930108F2
:108870006C9301080000000033860108689301082A
:108880002DE9F047914698468A680B69089E934205
:10889000B8BF1346C9F8003091F8432007460C468C
:1088A00012B10133C9F800302368990642BFD9F8E4
:1088B00000300233C9F80030256815F0060507D1ED
:1088C00004F1190AE368D9F800209B1AAB4229DCAD
:1088D00094F843302268003B18BF012392062ED43F
:1088E00004F1430241463846B047013021D02368A5
:1088F000A168226903F00603042B01BFE568D9F8DB
:108900000030ED1A25EAE57518BF00258B1A2B44B7
:108910009142C8BF1D464FF000091A344D451AD187
:10892000002008E00123524641463846B047013056
:1089300003D14FF0FF30BDE8F0870135C2E7E11801
:108940005A1C302081F84300224494F8451082F8E4
:1089500043100233C4E70123224641463846B0475C
:108960000130E6D009F10109D8E700002DE9F04314
:1089700098460B7E85B0782B174606460C9A0C4617
:1089800009D8622B01F1430108D8002B00F0DC80EC
:10899000582B00F0BD8004F1420539E0A3F16300DB
:1089A0001528F8D801A555F820F000BF058A010860
:1089B000198A010897890108978901089789010890
:1089C00097890108198A0108978901089789010880
:1089D0009789010897890108298B0108458A0108B0
:1089E000D78A01089789010897890108518B0108E6
:1089F00097890108458A0108978901089789010824
:108A0000DF8A01081368191D1B68116004F1420513
:108A100084F842300123A8E013682568181D10600F
:108A2000280601D51B6803E06A06FBD5B3F90030C0
:108A3000002B03DA2D225B4284F84320DFF878C153
:108A40000A2213E02568106815F0800F50F8043BE7
:108A500002D16D0648BF9BB21060227EDFF858C17C
:108A60006F2A5DD10822002084F843006568A56064
:108A7000002D05DB20681D4320F00400206051D04C
:108A80000D46B3FBF2F002FB103E9A421CF80EE0DA
:108A900005F801ED0346F4D9082A0BD12368DA075B
:108AA00008D5236962689A42DEBF302305F8013C8D
:108AB00005F1FF35491B2161CDF800803B4603AA33
:108AC00021463046FFF7DCFE013053D14FF0FF3036
:108AD00005B0BDE8F083236843F020032360DFF88E
:108AE000DCC0782384F845302068156810F0800FCA
:108AF00055F8043B03D110F0400F18BF9BB215602E
:108B0000C50744BF40F02000206023B11022AAE72F
:108B1000DFF8A4C0E6E7226822F020022260F5E731
:108B20000A22A0E70D46B7E71368D4F800C06069D1
:108B30001D1D15601CF0800F1B6801D0186003E03C
:108B40001CF0400FFAD01880002323610D46B3E7D4
:108B50001368191D11601D68626800212846EFF72F
:108B60001FFB08B1401B606063682361002384F829
:108B70004330A1E723692A4639463046C0470130D1
:108B8000A4D023689B0714D4E068039B9842B8BF25
:108B900018469DE7012304F1190239463046C047C3
:108BA000013093D00135E36803995B1AAB42F1DCE5
:108BB000EAE70025F7E700BF7393010884930108F3
:108BC000002310B50446C0E90033C0E904338360D4
:108BD00081814366C2818361194608225C30FFF7B8
:108BE00039FC0D4B63620D4BA3620D4BE3620D4BE1
:108BF00023630D4B24629C4206D003F16802944229
:108C000002D0D0339C4205D104F15800BDE8104099
:108C1000FFF76CBC10BD00BF258F0108478F01080E
:108C20007F8F0108A58F0108C82F0020024A034941
:108C3000034800F0FDB800BF3C160020AD900108CD
:108C4000F015002041680C4B994210B5044601D044
:108C500000F02CFAA168094B994202D0204600F09E
:108C600025FAE168064B994204D02046BDE8104041
:108C700000F01CBA10BD00BFC82F0020303000200B
:108C80009830002010B50A4B0A4A1A600A480022A0
:108C90000421FFF795FF094801220921FFF790FF02
:108CA000BDE81040064802221221FFF789BF00BF2D
:108CB000003100202D8C0108C82F0020303000200A
:108CC000983000200148FFF712BC00BFC12F0020E0
:108CD0000148FFF70DBC00BFC12F002010B50446AE
:108CE000FFF7F0FF236A1BB1BDE81040FFF7F0BFAC
:108CF000044B2362044B1B68002BF5D1FFF7C2FF26
:108D0000F2E700BF458C010800310020F8B50546A8
:108D10000F46144618B1036A0BB9FFF7DFFFA369CA
:108D2000A360A3891A0701D5236943B921462846C0
:108D300000F02AF818B14FF0FF363046F8BD23692D
:108D40002068C01A6369834205DC2146284600F08A
:108D5000ADF90028EFD1A368013BA36023685A1C3A
:108D600022601F70636901308342FEB204D0A38980
:108D7000DB07E2D50A2EE0D12146284600F096F91D
:108D80000028DAD0D7E7000038B5284B0546186828
:108D90000C4618B1036A0BB9FFF7A0FFB4F90C3009
:108DA000190720D4DA0607D409222A6043F04003C9
:108DB000A3814FF0FF3031E0580711D5616B41B10D
:108DC00004F14403994202D02846FFF7BFFB002379
:108DD00063630022A38962602269226023F0240376
:108DE00043F00803A38123694BB9A38903F42073DB
:108DF000B3F5007F03D02146284600F05AF8B4F9B5
:108E00000C3013F001020AD00022A26062695242C3
:108E1000A261226942B913F08000C7D138BD990719
:108E200058BF6269A260F4E70020F7E7EC15002064
:108E30002DE9F8438046894614460026D4E9017599
:108E4000013F05D52468002CF8D13046BDE8F883F1
:108E5000AB89012B07D9B5F90E30013303D0294670
:108E60004046C84706436835EAE770B50E46B1F993
:108E70000E10002996B014461D460ADAB28912F087
:108E8000800213D14FF4806100202A60216016B067
:108E900070BD6A46FEF7A7FF0028EFDB019A02F4D7
:108EA0007042A2F500535A425A41EBE7002240219A
:108EB000EAE78B8973B59E0705460C4607D504F192
:108EC0004703236023610123636102B070BD01ABDE
:108ED0006A46FFF7CAFF009E28463146FFF7A4F90D
:108EE000B4F90C3038B99A05EFD423F0030343F0FA
:108EF0000203A381E3E743F08003A381019B206089
:108F0000C4E90406002BE0D0B4F90E102846FEF7A1
:108F100075FF0028D9D0A38923F0030343F0010390
:108F2000A381D2E710B50C46B1F90E10FEF743FF4E
:108F30000028ABBF636DA3891B1823F48053ACBF1B
:108F40006365A38110BD2DE9F0411F468B89DB05C8
:108F500005460C46164605D5B1F90E10022300222F
:108F6000FEF72EFFA389B4F90E1023F48053A381DA
:108F700032463B462846BDE8F041FEF723BF10B518
:108F80000C46B1F90E10FEF71BFFB4F90C30421C71
:108F90000BBF23F4805343F48053A381A38118BFF4
:108FA000606510BDB1F90E10FEF70EBFB1F90C20CF
:108FB0002DE9F041160705460C4651D44B68002BAD
:108FC00002DC0B6C002B49DDE66A002E46D0002344
:108FD00012F480522F682B6031D0626DA38959073B
:108FE00005D56368D21A636B0BB1236CD21A0023C8
:108FF000E66A216A2846B047421CB4F90C3006D113
:1090000029681D2945D8284ACA40D60741D50022DB
:109010006260D9042269226004D5421C01D12B6808
:1090200003B96065616B2F60C1B104F144039942DB
:1090300002D02846FFF78AFA002363630EE0216A14
:1090400001232846B0470246501CC7D12B68002B8D
:10905000C4D01D2B01D0162B1AD12F6000201DE08B
:109060000F69002FFAD093070E6808BF4B690F6095
:1090700018BF0023A6EB07088B60B8F1000FEDDDE9
:10908000216AA66A43463A462846B047002807DCCC
:10909000A38943F04003A3814FF0FF30BDE8F08186
:1090A0000744A8EB0008E8E70100402038B50B6949
:1090B00005460C4613B91D46284638BD18B1036A4B
:1090C0000BB9FFF70BFEB4F90C30002BF3D0626E36
:1090D000D00704D4990502D4A06DFFF708FA2846FA
:1090E0002146FFF763FF636EDA070546E4D4A389E0
:0C90F0009B05E1D4A06DFFF7FBF9DDE764
:1090FC000000000003010000000000000F0402400B
:10910C000F0402400F04024000FFFF0000000000AB
:10911C0000000000000000000000024004000000FD
:10912C001C0000001516170064000000640000000D
:10913C0058020000000000000000046400000064FD
:10914C000000005802000001000000000003D007DE
:10915C000000FA000000D007000001000000000031
:10916C0004E8030000E80300000000000001000018
:10917C0000000015161718191A1B1C1D1E004B6534
:10918C00796368726F6E204B3130204D61780032FC
:10919C003032362D30392D31352D31323A30303A9E
:1091AC0032300053544D333246343031000407080A
:1091BC000B0E004C61737420736563746F722069BD
:1091CC006E74656E64656420746F206265207573BF
:1091DC006564207769746820776561725F6C657669
:1091EC00656C696E67206973206265796F6E6420A7
:1091FC00617661696C61626C6520666C6173682074
:10920C0064657363726970746F722072616E6765E6
:10921C0000496E76616C696420736563746F7220AB
:10922C00636F756E7420696E74656E64656420740A
:10923C006F20626520757365642077697468207788
:10924C006561725F6C6576656C696E670030303095
:10925C00303030303030303030006330006D616988
:10926C006E0069646C6500444D41206661696C75E3
:10927C0072650065786974006B696C6C00524545C9
:10928C004E54206D616C6C6F632073756363656500
:10929C00646564002F566F6C756D65732F64617413
:1092AC00612F6A656E6B696E732F776F726B73705B
:1092BC006163652F474E552D746F6F6C63686169E0
:1092CC006E2F61726D2D31352F7372632F6E657732
:1092DC006C69622D63796777696E2F6E65776C693F
:1092EC00622F6C6962632F7374646C69622F726194
:1092FC006E642E6300303132333435363738396191
:10930C0062636465666768696A6B6C6D6E6F7071B9
:10931C0072737475767778797A002C2066756E6323
:10932C0074696F6E3A2000617373657274696F6E45
:10933C002022257322206661696C65643A20666977
:10934C006C6520222573222C206C696E65202564A7
:10935C00257325730A00232D302B2000686C4C00DC
:10936C006566674546470030313233343536373819
:10937C003941424344454600303132333435363777
:10938C0038396162636465660002E32B0002E3080E
:10939C000003E1E32102E30600E2E6E3E7003131FA
:1093AC00295A1B750A006F8F7F006D8D7D006C8CA8
:1093BC007C006B8B7B006A8A7A00698979006888EB
:1093CC00780067877700668676006585750064840B
:1093DC00740063837300628272006181710060802B
:1093EC0070010222120033534300325242003151B9
:1093FC004100305040000F2F1F000E2E1E000D2D6F
:10940C001D000C2C1C000B2B1B000A2A1A0009290E
:10941C00190008281800072717000626160005252E
:10942C00150004241400032313000222120001214E
:10943C00110000201001012111003757470036564A
:10944C00460035554500345444009FBFAF009EBEC6
:10945C00AE009DBDAD009CBCAC009BBBAB009ABAF2
:10946C00AA0099B9A90098B8A80097B7A70096B612
:10947C00A60095B5A50094B4A40093B3A30092B232
:10948C00A20091B1A10090B0A001002010003B5BA4
:10949C004B003A5A4A0039594900385848010F2FA5
:1094AC001F010E2E1E010D2D1D010C2C1C010B2B52
:1094BC001B010A2A1A010929190108281801072772
:1094CC001701062616010525150104241401032392
:1094DC00130198B8A80197B7A70196B6A6016F8F8C
:1094EC007F016D8D7D016C8C7C016B8B7B016A8A9D
:1094FC007A016989790168887801678777016686BE
:10950C0076016585750164847401628272016080E4
:10951C00700195B5A50194B4A40193B3A30192B2C3
:10952C00A2013F5F4F013E5E4E013D5D4D01395939
:10953C0049013555450134544401335343013252EA
:10954C00420131514101305040016181710191B1B1
:10955C00A10190B0A00029000000BE00BD00047E57
:10956C00057E28782778AC00AE00AB00A800AA00D6
:10957C00A900087E0A7E2178680069006A0035001F
:10958C001E001F00200021002200230024002500C3
:10959C00260027002D002E002A0049004A004B000F
:1095AC005300540055002B0014001A00080015003D
:1095BC0017001C0018000C00120013002F003000C4
:1095CC0031004C004D004E005F006000610039001E
:1095DC0004001600070009000A000B000D000E0025
:1095EC000F003300340028006B0056005700580061
:1095FC005C005D005E00E10000001D001B00060029
:10960C00190005001100100036003700380000006A
:10961C00E50000005200000059005A005B00E00019
:10962C00007E027E0000000000002C000000000004
:10963C000000037E017E2152E400500051004F00D7
:10964C00000062006300010000003A003B003C0097
:10965C003D003E003F0040004100420043004400FA
:10966C00450001000100207801000100010001000B
:10967C000B7E0C7E0D7E0E7E0100010001000100B0
:10968C0001000100010001000100010001000100C6
:10969C0001000100010020782178277823782578B3
:1096AC002978010001000100010001000100010006
:1096BC000100010001000100010001000100010096
:1096CC0022782878247826782A7801000100010075
:1096DC000100010001000100010001000100010076
:1096EC000100010001000100000001000100010067
:1096FC0001000F7E010001000100010001000000CB
:10970C000100000001000000010001000100010047
:10971C00010001000000000000000100000000003A
:10972C000000010001000100010001000100010026
:10973C00000001000100290000003A003B003C0041
:10974C003D003E003F004000410042004300440009
:10975C0045004600097E217801000100010035001A
:10976C001E001F00200021002200230024002500E1
:10977C00260027002D002E002A0049004A004B002D
:10978C005300540055002B0014001A00080015005B
:10979C0017001C0018000C00120013002F003000E2
:1097AC0031004C004D004E005F006000610039003C
:1097BC0004001600070009000A000B000D000E0043
:1097CC000F003300340028000100560057005800E9
:1097DC005C005D005E00E10000001D001B00060047
:1097EC001900050011001000360037003800000089
:1097FC00E50000005200000059005A005B00E00038
:10980C00E300E2000000000000002C00000000005B
:10981C000000E600E7002352E400500051004F0026
:10982C0000006200630001000000BE00BD00067E67
:10983C00077E28782778AC00AE00AB00A800AA0001
:10984C00A9000100010020780100010001000100C5
:10985C000B7E0C7E0D7E0E7E0100010001000100CE
:10986C0001000100010001000100010001000100E4
:10987C0001000100010020782178277823782578D1
:10988C002978010001000100010001000100010024
:10989C0001000100010001000100010001000100B4
:1098AC0022782878247826782A7801000100010093
:1098BC000100010001000100010001000100010094
:1098CC000100010001000100000001000100010085
:1098DC0001000F7E010001000100010001000000E9
:1098EC000100000001000000010001000100010066
:1098FC000100010000000000000001000000000059
:10990C000000010001000100010001000100010044
:10991C000000010001000000060802400708024098
:10992C00080802400D0002400E0002400F000240E9
:10993C000A0802400B0802400D0802400E080240C3
:10994C000F080240000802400108024002080240D1
:10995C0003080240000002400100024002000240E5
:10996C00030002400A0402400C080240020C0240B0
:10997C0003040240040402400504024006040240B1
:10998C00003131295A1B750AFD1E0108351D0108CD
:10999C008D1D0108491F01085D1F0108691F010881
:1099AC00691E01080001010101010101010102020E
:1099BC000202020202020203030303030303030471
:1099CC00040404040404050505050506060606063C
:1099DC00070707070708080808090909090A0A0AF6
:1099EC000B0B0B0C0C0C0D0D0D0E0E0E0F0F0F1098
:1099FC001011111112121313141415151616171722
:109A0C00181819191A1A1B1B1C1D1D1E1E1F20208D
:109A1C00212222232424252626272829292A2B2CD7
:109A2C002D2D2E2F30313232333435363738393AFA
:109A3C003B3C3D3E3F404142434445464748494AF2
:109A4C004C4D4E4F50515354555658595A5B5D5EC0
:109A5C005F616264656668696B6C6D6F707273755B
:109A6C0077787A7B7D7E8082838587888A8C8E8FBF
:109A7C0091939596989A9C9EA0A2A3A5A7A9ABADED
:109A8C00AFB1B3B5B7BABCBEC0C2C4C6C9CBCDCFDB
:109A9C00D1D4D6D8DBDDDFE2E4E7E9EBEEF0F3F589
:109AAC00F8FAFDFF00000000000000002A2B28003F
:109ABC000000000000000000000000000000002971
:109ACC00000000002C1E3420212224342627252EB1
:109ADC00362D3738271E1F202122232425263333E9
:109AEC00362E37381F0405060708090A0B0C0D0E15
:109AFC000F101112131415161718191A1B1C1D2FE1
:109B0C003130232D350405060708090A0B0C0D0E00
:109B1C000F101112131415161718191A1B1C1D2FC0
:109B2C003130354C00000000000000000000000047
:109B3C000000000000000000000000000000000019
:109B4C0000000000000000007E0F00D4FFFFFFC7E4
:109B5C0000000078B93F0108213F0108093E0108C7
:109B6C00053E01083031323334353637383941420D
:109B7C00434445460022034B0065007900630068AE
:109B8C000072006F006E0020004B0031003000208E
:109B9C00004D0061007800000012034B0065007955
:109BAC00006300680072006F006E0000000403097F
:109BBC000412010002000000403434A00A1101011B
:109BCC000203010660FF0961A1010962150026FF6D
:109BDC00009520750881020963150026FF00952069
:109BEC0075089102C005010902A10185020901A1B4
:109BFC000005091901290815002501950875018131
:109C0C00020501093009311581257F9502750881FE
:109C1C000609381581257F950175088106050C0A02
:109C2C0038021581257F950175088106C0C0050194
:109C3C000980A101850319012AB700150126B70077
:109C4C00950175108100C0050C0901A1018504194D
:109C5C00012AA002150126A002950175108100C0F1
:109C6C0005010906A1018506050719E029E715007C
:109C7C0025019508750181020507190029EF1500CA
:109C8C00250195F075018102050819012905950535
:109C9C0075019102950175039101C005010906A199
:109CAC0001050719E029E7150025019508750181C3
:109CBC00029501750881010507190029FF15002679
:109CCC00FF00950675088100050819012905150086
:109CDC002501950575019102950175039101C0004F
:109CEC00D4AB01085057002050570020505700208B
:109CFC00D4AB010800000020000000200000002070
:109D0C00D4AB01080000012000000120000001205C
:109D1C00D4AB0108000000000000000000000000AF
:109D2C00D4AB01080000001000000010000000106F
:109D3C00D4AB010800400240004002400040024009
:109D4C00D4AB01080000000000000000000000007F
:109D5C00D4AB01080000000000000000000000006F
:109D6C0066920108382D0020182F002000000000FA
:109D7C00B5630108B9630108E7630108956401083C
:109D8C00A1640108E7640108196501082D57010851
:109D9C002157010801000000000000000300000032
:109DAC000400000008000000189E010800000000DC
:109DBC000000000800000800030000000400000080
:109DCC0007000000589E0108000000000000000879
:109DDC000000060003000000040000000600000064
:109DEC00909E010800000000000000080000040024
:109DFC00030000000400000005000000C09E0108E4
:109E0C00000000000000000800000200000000003C
:109E1C0000400000004000000040000000800000F6
:109E2C000040000000C000000040000000000100E5
:109E3C00000001000000020000000200000004000D
:109E4C0000000200000006000000020000000000FC
:109E5C0000400000004000000040000000800000B6
:109E6C000040000000C000000040000000000100A5
:109E7C0000000100000002000000020000000400CD
:109E8C000000020000000000004000000040000044
:109E9C0000400000008000000040000000C00000F6
:109EAC000040000000000100000001000000020062
:109EBC000000020000000000004000000040000014
:109ECC0000400000008000000040000000C00000C6
:109EDC000040000000000100000001001060024082
:109EEC00086002400000000B28600240086002403D
:109EFC000006010C40600240086002400010020D98
:109F0C0058600240086002400016030E7060024068
:109F1C000C6002400000040F886002400C6002409C
:109F2C0000060510A06002400C60024000100611F3
:109F3C00B86002400C6002400016072F106402400B
:109F4C00086402400000083828640240086402409B
:109F5C0000060939406402400864024000100A3AC5
:109F6C00586402400864024000160B3B70640240C7
:109F7C000C64024000000C3C886402400C640240FB
:109F8C0000060D44A06402400C64024000100E4513
:109F9C00B86402400C64024000160F4680000000BA
:109FAC004001000003000000000000001D5B0108E0
:109FBC00E55D0108975E010840004000A42F0020D9
:109FCC00A42F0020010000009C2F002000AAA0025A
:109FDC0000000000FFFFFFFF54500258FFFF00007D
:109FEC000000565500AA0A00000000000000000006
:109FFC00FFFFFFFFAAAAA55AFFFF00000000000008
:10A00C00000000000000000000000000FFFFFFFF48
:10A01C0055695A55FFFF000000500060000606000D
:10A02C000000000000000000FFFFFFFF55555555D4
:10A03C00FF0F000000000000000000000000000006
:10A04C0000000000FFFFFFFF55555555FFFF0000B6
:10A05C0000000000000000000000000000000000F4
:10A06C00FFFFFFFF50555555FFFF0000000000009B
:10A07C000000000000202020202020202020282864
:10A08C0028282820202020202020202020202020AC
:10A09C0020202020208810101010101010101010EC
:10A0AC00101010101004040404040404040404101C
:10A0BC0010101010101041414141414101010101AA
:10A0CC000101010101010101010101010101010174
:10A0DC001010101010104242424242420202020280
:10A0EC000202020202020202020202020202020244
:10A0FC0010101010200000000000000000000000F4
:10A10C000000000000000000000000000000000043
:10A11C000000000000000000000000000000000033
:10A12C000000000000000000000000000000000023
:10A13C000000000000000000000000000000000013
:10A14C000000000000000000000000000000000003
:10A15C0000000000000000000000000000000000F3
:10A16C0000000000000000000000000000000000E3
:08A17C000000000000000000DB
:08A1840008E0FE7F010000006D
:10A18C0041820008DD83000849840008B58400087A
:10A19C00D185000800000000201C58020101FF01BD
:10A1AC00198C0008F18F00086D8F00084190000891
:10A1BC00C98D0008118E0008598E0008998E000870
:10A1CC00E58E0008318F000899900008359300083F
:10A1DC00010016FF0E0402400F0402400F0402405F
:10A1EC000F0402400100000006080240070802406C
:10A1FC00080802400D0002400E0002400F00024011
:10A20C000A0802400B0802400D0802400E080240EA
:10A21C000F080240000802400108024002080240F8
:10A22C00030802400000024001000240020002400C
:10A23C00030002400A0402400C080240020C0240D7
:10A24C0003040240040402400504024006040240D8
:10A25C00B80B0000041001FFFFFF00000F040240C8
:10A26C000F0402400F040240000000000000000038
:10A27C0000000000000000000000000000000000D2
:10A28C0000000000000000000000000000000000C2
:10A29C0000000001000000000000000000000000B1
:10A2AC00000000000000000101010000000000009F
:10A2BC000000000000000000000000000000000092
:10A2CC000000000000000000000000000000000082
:10A2DC000000000000FFFF2BFFFF2BFFFF2BFFFFF9
:10A2EC002BFFFF2BFFFF2BFFFF2BFFFF2BFFFF2B6A
:10A2FC00FFFF2BFFFF2BFFFF2BFFFF2BFFFF2BFF86
:10A30C00FF2BFFFF2BFFFF2BFFFF2BFFFF2BFFFF75
:10A31C00AAFFFFAAFFFFAAFFFFAAFFFFAAFFFFAA3F
:10A32C00FFFFAAFFFFAAFFFFAAFFFFAAFFFFAAFFDA
:10A33C00FFAAFFFFAAFFFF2BFFFF2BFFFF2BFFFF47
:10A34C002BFFFF2BFFFF2BFFFF2BFFFF2BFFFF2B09
:10A35C00FFFFAAFFFFAAFFFFAAFFFFAAFFFFAAFFAA
:10A36C00FFAAFFFFAAFFFFAAFFFFAAFFFFAAFFFF9A
:10A37C00AAFFFFAAFFFFAAFFFF2BFFFF2BFFFF2B5C
:10A38C00FFFF2BFFFF2BFFFF2BFFFF2BFFFF2BFFF5
:10A39C00FFAAFFFFAAFFFFAAFFFFAAFFFFAAFFFF6A
:10A3AC00AAFFFFAAFFFFAAFFFFAAFFFFAAFFFFAAAF
:10A3BC00FFFF00FFFF2BFFFF2BFFFF2BFFFF2BFFF0
:10A3CC00FFAAFFFFAAFFFFAAFFFFAAFFFFAAFFFF3A
:10A3DC00AAFFFFAAFFFFAAFFFFAAFFFFAAFFFF2BFE
:10A3EC00FFFF2BFFFF2BFFFF2BFFFF2BFFFF00FFC0
:10A3FC00FF2BFFFF2BFFFF2BFFFFAAFFFF2BFFFF06
:10A40C002BFFFF2BFFFF2BFFFF2BFFFF2BFFFF2B48
:10A41C00FFFF2BFFFF2BFFFF00FF010203040506CC
:10A42C000708090A0B0C0D0E0F1011121415161734
:10A43C0018191A1B1C1D1E1F202122232425262718
:10A44C00292A2B2C2D2E2F303132333435363738F8
:10A45C00393A3B3C3E3F40414243444546474849DC
:10A46C004A13283D5E4B4C4D4EFF4F5051525354A6
:10A47C0055565758FF59FF5AFF5B5C5D5F6061FF93
:10A48C00FFFF62FFFFFF63646566676869FF6A6BC5
:10A49C00000015001F002A00340044004E00590033
:10A4AC00630073007D00880091009F00A900B40038
:10A4BC00C100CB00D600E000000F0A0F150F1F0FD4
:10A4CC002A0F340F3F0F490F530F5E0F680F730F96
:10A4DC007D0F8D0F9F0FA90FB40FC10FCB0FD60F90
:10A4EC00E00F031B101B1A1B241B2F1B391B441BB7
:10A4FC004E1B591B631B6D1B781B821B8F1B9F1BD9
:10A50C00A91BB41BC11BCB1BD61BE0220428122891
:10A51C001D28272832283C28462851285B286628E5
:10A52C0070287B288B28C128CB28D62807341734D1
:10A53C0022342C34373441344C34563460346B343C
:10A54C0075348934A934C134CB34D634E03A014063
:10A55C000E401B40424069407640834091409F40F2
:10A56C00A940B440C640D6400101010101010101DE
:10A57C0001010101010101010101010101010101BF
:10A58C0001010101010101010101010101010101AF
:10A59C00010101010101010101010101010101019F
:10A5AC00010101010101010101010101010101018F
:10A5BC00010101010101010101010101010101017F
:10A5CC00010101010101010101010101010101016F
:10A5DC00010101018B1A0020AB1A002017F40008AE
:10A5EC00FFFF0000FFFFFFFF01006D006D006D001D
:10A5FC006D000000FFFFFFFF0300FF0000FFFF00E6
:10A60C0008040240090402403905280850011E0ABA
:10A61C00140103020101000001000000E1390108EE
:10A62C00C5410108DB410108E5410108EF41010882
:10A63C00F941010809025B00030100A0FA090400BA
:10A64C00000103010100092111010001224400074E
:10A65C000581030800010904010002030000000940
:10A66C0021110100012222000705820320000107AD
:10A67C000502032000010904020001030000000987
:10A68C00211101000122B6000705830320000100FF
:10A69C0000000000000000000000000000000000AE
:10A6AC00000000000000000000000000000000009E
:10A6BC00000000000000000000000000000000008E
:10A6CC00000000000000000000000000000000007E
:10A6DC00000000000000000000000000000000006E
:10A6EC00000000000000000000000000000000005E
:10A6FC00000000000000000000000000000000004E
:10A70C00AC560020020000000400000020000000F5
:10A71C00B82A002000000000010200000000000028
:10A72C00000000000000000000000000000000001D
:10A73C00000000000000000000000000000000000D
:10A74C0000000000000000000000000000000000FD
:10A75C00000000000300000000000000A3450108F9
:10A76C0000000000200000000000000000000000BD
:10A77C0002000000000000000000000000000000CB
:10A78C0000000000000000000000000000000000BD
:10A79C0000000000000000000000000000000000AD
:10A7AC0000000000AC560020030000000400000074
:10A7BC0020000000082C0020000000000000000019
:10A7CC006C140020000000000000000000000000DD
:10A7DC00000000000000000000000000000000006D
:10A7EC00000000000000000000000000000000005D
:10A7FC00000000000000000000000000030000004A
:10A80C0000000000A3450108000000000800000043
:10A81C00000000000000000002000000000000002A
:10A82C00000000000000000000000000000000001C
:10A83C00000000000000000000000000000000000C
:10A84C00000000000000000000000000AC560020DA
:10A85C00010000000400000008000000D82B0020BC
:10A86C0000000000000000000014002000000000A8
:10A87C0000000000000000000000000000000000CC
:10A88C0000000000000000000000000000000000BC
:10A89C0000000000000000000000000000000000AC
:10A8AC00000000000300000000000000A3450108A8
:10A8BC0039460108200020000000000000000000C4
:10A8CC00020000000000000000000000000000007A
:10A8DC00000000000000000000000000000000006C
:10A8EC00000000000000000000000000000000005C
:10A8FC0001000000AC560020020000000400000023
:10A90C0020000000482B0020000000000000000088
:10A91C0094130020B0130020BF4701089947010889
:10A92C00D5470108C5480108E1480108ED48010870
:10A93C00B413002000000000000000000000000024
:10A94C0000000000000000000000000000000000FB
:10A95C0000000000000000000000000000000000EB
:10A96C0000000000000000000000000000000000DB
:10A97C0000000000000000000000000020000000AB
:10A98C001C140020BF47010899470108D54701084E
:10A99C00C5480108E1480108ED48010820140020D1
:10A9AC00000000000000000000000000000000009B
:10A9BC00000000000000000000000000000000008B
:10A9CC00000000000000000000000000000000007B
:10A9DC00000000000000000000000000000000006B
:10A9EC000000000000000000080000008814002097
:10A9FC002B480108F1470108474801083D49010867
:10AA0C0061490108794901080000000000000000BC
:10AA1C009015002044150020F814002000000000C0
:10AA2C00AC1400200000000000000000000000003A
:10AA3C000000000006000000000000000000000004
:10AA4C0000000000000000000000000000000000FA
:10AA5C0000000000000000000000000000000000EA
:10AA6C0000000000000000000000000000000000DA
:10AA7C0000000000200000000000000000000000AA
:10AA8C0004000000000000000000000000000000B6
:10AA9C0000000000000000000000000000000000AA
:10AAAC00000000000000000000000000000000009A
:10AABC00000000000000000000000000000000008A
:10AACC000300000000000000000000000300000074
:10AADC00000000000000000000000000000000006A
:10AAEC00000000000000000000000000000000005A
:10AAFC00000000000000000000000000000000004A
:10AB0C000000000000000000000000000300000036
:10AB1C000000000000000000020000000000000027
:10AB2C000000000000000000000000000000000019
:10AB3C000000000000000000000000000000000009
:10AB4C0000000000000000000000000000000000F9
:10AB5C0000000000000000000600000000000000E3
:10AB6C00A9750108AD750108D7750108F01500200D
:10AB7C0000000000C82F002030300020983000204A
:10AB8C0000000000000000000000000000000000B9
:10AB9C0000000000000000000000000000000000A9
:10ABAC000000000000000000000000000000000099
:10ABBC000000000000000000000000000000000089
:08ABCC0003000000C82F002067
:040000050800811D51
:00000001FF
